7765,"['True', 'True', 'False']",False
7528,"['False', 'False', 'False']",False
7493,"['False', 'False', 'False']",False
6679,"['True', 'True', 'True']",True
6980,"['False', 'Abstain', 'False']",True
21,"['True', 'True', 'True']",True
6709,"['True, ""Nissan_X-Trail and Nissan_Prairie""', 'False', 'True']",True
6840,"['False', 'False', 'True']",False
6654,"['True', 'True', 'True']",True
6826,"['Abstain', 'True', 'False']",False
242,"['False', 'False', 'True']",False
7021,"['False', 'False', 'False']",False
116,"['True', 'True', 'True']",True
7455,"['False', 'False', 'False']",False
1,"['True', 'True', 'True']",True
6657,"['True', 'False', 'Abstain']",True
7596,"['True', 'Abstain', 'True']",True
7789,"['False', 'True', 'True']",True
6769,"['False', 'None', 'True']",True
28,"['True', 'True', 'True']",True
6760,"['True', 'True', 'False']",True
6730,"['True', 'False', 'True']",True
59,"['True', 'True', 'True']",True
6984,"['True', 'True', 'True']",True
119,"['True', 'True', 'True']",True
6818,"['False', 'None', 'False']",False
138,"['False', 'False', 'False']",False
161,"['True', 'False', 'True']",False
7750,"['False', 'False', 'False']",False
7433,"['True', 'True', 'False']",False
7544,"['False', 'False', 'False']",False
7500,"['False', 'False', 'False']",False
7674,"['False', 'Abstain', 'True']",True
7163,"['True', 'True', 'True']",False
268,"['False', 'False', 'False']",False
6874,"['False', 'False', 'False']",False
80,"['True', 'True', 'True']",True
7517,"['False', 'False', 'False']",False
6791,"['None', 'False', 'True']",False
7403,"['False', 'False', 'False']",False
267,"['None', 'None', 'True']",False
7505,"['False', 'False', 'False']",False
6908,"['False', 'None', 'False']",False
6664,"['True', 'True', 'True']",True
6828,"['Abstain', 'Abstain', 'True']",False
6659,"['""Capstone_Infrastructure""', 'False', 'True']",True
7710,"['False', 'True', 'True']",True
6710,"['True', '""Pat Bieter""', 'True']",True
320,"['False', 'False', 'False']",True
7443,"['False', 'False', 'False']",False
7786,"['True', 'True', 'Abstain']",True
299,"['True', 'True', 'True']",True
187,"['False', 'Unknown', 'False']",False
6786,"['True, ""Tonderai_Chavhanga likely attended University_of_the_Free_State around 2003-2005 based on his career timeline.""', 'True', 'False']",True
7401,"['False', 'False', 'False']",False
6783,"['True', 'True', 'True']",True
7723,"['False', 'True', 'True']",True
7155,"['False', 'False', 'False']",True
70,"['True', 'True', 'True']",True
7590,"['True', 'True', 'True']",True
266,"['None', 'True', 'True']",False
36,"['True', 'True', 'True']",True
7672,"['False', 'True', 'False']",True
6941,"['False', 'None', 'False']",False
305,"['True', 'True', 'True']",True
7611,"['Unknown', 'False', 'False']",True
39,"['True', 'True', 'True']",True
296,"['True', 'True', 'True']",True
71,"['True', 'True', 'True']",True
7603,"['False', 'False', 'True']",True
6928,"['True', 'True', 'True']",False
282,"['False', 'Abstain', 'True']",True
6711,"['""Jagannath_Pahadia""', '""Hira_Lal_Devpura""', 'True']",True
7170,"['False', 'None', 'False']",False
7161,"['True', 'True', 'True']",True
7047,"['False', 'False', 'True']",False
7664,"['True', 'Abstain', 'False']",True
7574,"['True', 'True', 'Abstain']",True
7711,"['False', 'Abstain', 'True']",True
7175,"['True', 'True', 'True']",False
359,"['False', 'False', 'True']",False
89,"['True', 'True', 'True']",True
241,"['False', 'False', 'False']",False
6997,"['True', 'False', 'True']",True
186,"['Abstain', 'False', 'False']",False
286,"['True', 'True', 'False']",True
263,"['True', 'True', 'True']",False
6,"['True', 'True', 'True']",True
6943,"['False', 'True', 'False']",False
293,"['True', 'True', 'Abstain']",True
6846,"['False', 'False', 'True']",False
218,"['False', 'True', 'False']",False
6937,"['False', 'None', 'Abstain']",False
127,"['True', 'True', 'True']",True
31,"['True', 'True', 'True']",True
6638,"['True', 'True', 'True']",True
121,"['True', 'True', 'True']",True
7001,"['True', 'Abstain', 'True']",True
251,"['Abstain', 'False', 'False']",False
7598,"['False', 'False', 'False']",True
7772,"['True', 'True', 'False']",True
68,"['True', 'True', 'True']",True
311,"['True', 'True', 'True']",True
7617,"['False', 'False', 'False']",True
7684,"['False', 'Abstain', 'True']",True
192,"['False', 'False', 'False']",False
232,"['False', 'False', 'True']",False
6688,"['True', 'True', 'True']",True
6637,"['True', 'True', 'True']",True
7525,"['False', 'False', 'False']",False
113,"['True', 'True', 'True']",True
7457,"['False', 'False', 'False']",False
14,"['True', 'True', 'True']",True
7462,"['False', 'False', 'False']",False
7151,"['True', 'True', 'True']",False
7565,"['None', 'Abstain', 'Abstain']",True
6649,"['False', 'Unknown', 'False']",True
7459,"['False', 'False', 'False']",False
313,"['True', 'False', 'True']",True
7023,"['False', 'False', 'False']",False
7796,"['True', 'True', 'True']",True
6736,"['True', 'True', 'True']",True
53,"['True', 'True', 'True']",True
165,"['False', 'False', 'True']",False
83,"['True', 'True', 'True']",True
7571,"['True', 'False', 'False']",True
7788,"['True', 'True', 'True']",True
368,"['False', 'False', 'True']",False
33,"['True', 'True', 'True']",True
7615,"['False', 'False', 'True']",True
6942,"['False', 'False', 'False']",False
7065,"['False', 'False', 'False']",False
6964,"['True', 'Abstain', 'True']",True
7741,"['Abstain', 'False', 'True']",False
7552,"['True', 'True', 'False']",True
6926,"['False', 'None', 'True']",False
6995,"['True', 'Abstain', 'True']",True
329,"['False', 'Abstain', 'False']",False
6778,"['False', 'False', 'True']",True
7797,"['True', 'True', 'True']",True
7435,"['False', 'False', 'False']",False
7681,"['False', 'Abstain', 'True']",True
122,"['True', 'True', 'True']",True
6884,"['False', 'Abstain', 'False']",False
6872,"['False', 'None', 'False']",False
328,"['False', 'Abstain', 'True']",False
7548,"['True', 'True', 'True']",True
226,"['False', 'Abstain', 'True']",False
6701,"['True', 'False', 'True']",True
246,"['False', 'False', 'False']",False
175,"['False', 'True', 'True']",False
330,"['False', 'False', 'False']",False
7489,"['False', 'False', 'False']",False
7782,"['True', 'True', 'True']",True
7449,"['False', 'False', 'False']",False
6713,"['True, ""José_Alencar""', '""Waldir_Pires""', 'True']",True
7025,"['False', 'False', 'False']",False
229,"['None', 'False', 'True']",False
7764,"['False', 'False', 'False']",False
7061,"['False', 'False', 'True']",False
6687,"['True', 'True', 'True']",True
6925,"['None', 'False', 'False']",False
7717,"['False', 'None', 'False']",True
7043,"['False', 'False', 'True']",False
7698,"['Abstain', 'Abstain', 'False']",True
288,"['True', 'True', 'False']",True
214,"['False', 'Abstain', 'False']",False
326,"['False', 'False', 'False']",False
198,"['True', 'None', 'False']",False
6797,"['None', 'None', 'False']",False
6723,"['True', 'True', 'True']",True
7745,"['False', 'Abstain', 'False']",False
7720,"['False', 'True', 'False']",True
7452,"['False', 'False', 'False']",False
169,"['False', 'Abstain', 'True']",False
7162,"['False', 'False', 'False']",True
7056,"['False', 'Abstain', 'False']",False
7779,"['True', 'True', 'True']",True
6772,"['False', 'None', 'True']",True
7431,"['False', 'False', 'False']",False
7450,"['False', 'False', 'False']",False
107,"['True', 'True', 'True']",True
7780,"['True', 'True', 'True']",True
6814,"['Abstain', 'Abstain', 'False']",False
7661,"['True', 'None', 'True']",True
57,"['True', 'True', 'True']",True
6822,"['False', 'True', 'False']",False
7512,"['False', 'False', 'True']",False
7487,"['False', 'False', 'False']",False
7499,"['False', 'False', 'False']",False
6976,"['1988-06-22', 'True', 'True']",True
18,"['True', 'True', 'True']",True
6878,"['False', 'Abstain', 'False']",False
7410,"['False', 'False', 'False']",False
6909,"['False', 'Abstain', 'False']",False
7803,"['None', 'True', 'Abstain']",True
297,"['True', 'True', 'True']",True
290,"['True', 'True', 'True']",True
7668,"['True', 'True', 'True']",True
6777,"['True', 'Abstain', 'False']",True
6831,"['False', '""Blue Devil""', 'False']",False
231,"['False', 'False', 'False']",False
182,"['False', 'False', 'False']",False
180,"['False', 'False', 'True']",False
7495,"['False', 'False', 'False']",False
6725,"['Abstain', 'Abstain', 'True']",True
294,"['True', 'True', 'True']",True
258,"['True', 'True', 'True']",False
6900,"['False', 'None', 'True']",False
6743,"['True', '""Oswald_Veblen_Prize_in_Geometry""', 'True']",True
6859,"['False', 'None', 'False']",False
8948,"['True', 'Abstain', 'True']",True
222,"['False', 'False', 'False']",False
115,"['True', 'True', 'True']",True
7463,"['False', 'False', 'False']",False
366,"['False', 'False', 'False']",False
54,"['True', 'True', 'True']",True
7445,"['False', 'False', 'False']",False
6758,"['False', 'True', 'True']",True
6699,"['True', 'True', 'True']",True
350,"['False', 'False', 'False']",False
6987,"['True', 'True', 'Abstain']",True
6927,"['Abstain', 'Abstain', 'Abstain']",False
6931,"['Abstain', 'None', 'False']",False
7460,"['False', 'False', 'False']",False
6766,"['True', 'True', 'False']",True
6981,"['True', 'True', 'True']",True
7053,"['False', 'False', 'False']",False
7751,"['False', 'False', 'False']",False
105,"['True', 'True', 'True']",True
154,"['False', 'False', 'False']",False
6907,"['False', 'None', 'False']",False
6703,"['True', '""Hugglescote Wesleyans""', 'True']",True
88,"['True', 'True', 'True']",True
7564,"['True', 'True', 'True']",True
6737,"['True', 'True', 'True']",True
6630,"['True', 'True', 'True']",True
7726,"['False', 'False', 'False']",False
147,"['False', 'False', 'True']",False
275,"['False', 'True', 'False']",False
6681,"['True', 'True', 'True']",True
6849,"['False', 'None', 'False']",False
7556,"['False', 'True', 'True']",True
256,"['True', 'True', 'True']",False
7434,"['False', 'False', 'False']",False
188,"['False', 'False', 'True']",False
7507,"['False', 'False', 'False']",False
7534,"['False', 'False', 'False']",False
6767,"['True', 'True', 'True']",True
6986,"['Abstain', 'True', 'True']",True
5332,"['True', 'True', 'True']",True
7835,"['Abstain', 'True', 'True']",False
2437,"['False', 'False', 'False']",False
5353,"['True', 'True', 'True']",True
8083,"['False', 'Abstain', 'True']",False
2389,"['Abstain', 'Abstain', 'Abstain']",False
2479,"['False', 'False', 'False']",False
1857,"['False', 'False', 'Abstain']",False
1431,"['False', 'False', 'True']",False
1238,"['False', 'False', 'True']",False
5326,"['True', 'True', 'True']",True
6431,"['True', 'True', 'True']",True
1947,"['False', 'False', 'True']",False
6094,"['False', 'False', 'False']",True
1339,"['False', 'False', 'True']",False
2518,"['False', 'False', 'True']",False
2130,"['False', 'False', 'False']",False
5763,"['Abstain', 'Abstain', 'True']",True
5516,"['False', 'Abstain', 'True']",True
1317,"['False', 'Abstain', 'False']",False
2397,"['False', 'False', 'False']",False
7255,"['Abstain', 'Abstain', 'False']",False
5203,"['Abstain', 'True', 'Abstain']",True
1745,"['False', 'False', 'True']",False
1194,"['False', 'Abstain', 'False']",False
1208,"['False', 'Abstain', 'False']",False
6272,"['True', 'True', 'True']",True
1304,"['False', 'False', 'False']",False
5561,"['True', 'True', 'True']",True
1272,"['False', 'Abstain', 'True']",False
2236,"['False', 'False', 'False']",False
1658,"['False', 'False', 'False']",False
1482,"['False', 'False', 'True']",False
5372,"['False', 'True', 'True']",True
1967,"['False', 'False', 'False']",False
5603,"['True', 'True', 'True']",True
5402,"['True', 'True', 'True']",True
5444,"['True', 'True', 'True']",True
2406,"['False', 'Abstain', 'False']",False
8097,"['True', 'True', 'True']",False
2510,"['False', 'Abstain', 'True']",False
5864,"['False', 'True', 'True']",True
2166,"['Abstain', 'Abstain', 'Abstain']",False
5904,"['True', 'Abstain', 'Abstain']",True
1958,"['False', 'False', 'False']",False
1859,"['False', 'False', 'False']",False
5966,"['True', 'True', 'True']",True
6178,"['Abstain', 'False', 'True']",True
2693,"['Abstain', 'False', 'False']",False
1203,"['False', 'False', 'False']",False
2385,"['Abstain', 'False', 'Abstain']",False
7339,"['False', 'True', 'True']",False
2751,"['False', 'False', 'False']",False
8111,"['True', 'True', 'True']",False
5581,"['True', 'True', 'True']",True
5572,"['True', 'True', 'True']",True
8135,"['False', 'False', 'True']",False
1397,"['False', 'False', 'False']",False
9017,"['Abstain', 'True', 'True']",False
2556,"['False', 'False', 'False']",False
1899,"['Abstain', 'Abstain', 'False']",False
1370,"['False', 'False', 'False']",False
1963,"['Abstain', 'Abstain', 'True']",False
1281,"['Abstain', 'False', 'False']",False
7353,"['True', 'True', 'True']",True
5744,"['True', 'True', 'True']",True
2411,"['False', 'False', 'False']",False
1671,"['False', 'False', 'False']",False
6151,"['Abstain', 'True', 'True']",True
5877,"['True', 'True', 'True']",True
7335,"['True', 'True', 'True']",True
1561,"['False', 'False', 'False']",False
2589,"['False', 'Abstain', 'False']",False
7839,"['False', 'False', 'False']",False
1527,"['False', 'False', 'False']",False
1310,"['False', 'False', 'True']",False
5179,"['True', 'True', 'Abstain']",True
2682,"['False', 'Abstain', 'Abstain']",False
1853,"['False', 'False', 'False']",False
2434,"['False', 'False', 'False']",False
1320,"['False', 'False', 'False']",False
2624,"['False', 'False', 'False']",False
5169,"['Abstain', 'True', 'True']",True
1877,"['Abstain', 'False', 'False']",False
2196,"['False', 'False', 'True']",False
2070,"['False', 'False', 'True']",False
2233,"['Abstain', 'Abstain', 'False']",False
2205,"['False', 'False', 'False']",False
2685,"['False', 'True', 'Abstain']",False
6117,"['True', 'True', 'True']",True
2028,"['False', 'False', 'False']",False
2506,"['Abstain', 'False', 'False']",False
1493,"['False', 'False', 'False']",False
6064,"['True', 'True', 'True']",True
6356,"['Abstain', 'False', 'False']",True
5908,"['True', 'True', 'True']",True
6043,"['Abstain', 'True', 'False']",True
5721,"['True', 'True', 'True']",True
1160,"['False', 'Abstain', 'False']",False
7265,"['False', 'Abstain', 'False']",False
2091,"['Abstain', 'False', 'True']",False
5334,"['True', 'True', 'True']",True
7365,"['False', 'Abstain', 'Abstain']",True
2078,"['False', 'Abstain', 'False']",False
2001,"['False', 'False', 'False']",False
1295,"['False', 'False', 'True']",False
2662,"['True', 'Abstain', 'True']",False
2071,"['False', 'False', 'False']",False
1395,"['Abstain', 'False', 'False']",False
2139,"['True', 'Abstain', 'False']",False
7236,"['False', 'Abstain', 'Abstain']",False
2352,"['False', 'False', 'True']",False
1181,"['False', 'False', 'False']",False
1550,"['False', 'False', 'True']",False
6474,"['True', 'False', 'True']",True
6133,"['Abstain', 'True', 'True']",True
2681,"['False', 'False', 'False']",False
5745,"['False', 'True', 'Abstain']",True
1419,"['False', 'False', 'False']",False
1199,"['False', 'False', 'False']",False
6312,"['False', 'False', 'Abstain']",True
6389,"['True', 'True', 'True']",True
1782,"['False', 'Abstain', 'False']",False
1247,"['False', 'False', 'False']",False
1887,"['False', 'Abstain', 'True']",False
1601,"['False', 'Abstain', 'Abstain']",False
2781,"['True', 'Abstain', 'False']",False
1133,"['False', 'False', 'True']",False
1436,"['False', 'False', 'Abstain']",False
1223,"['False', 'False', 'False']",False
6177,"['True', 'Abstain', 'True']",True
1634,"['False', 'False', 'False']",False
5592,"['Abstain', 'Abstain', 'Abstain']",True
1453,"['False', 'False', 'False']",False
2735,"['False', 'False', 'False']",False
5723,"['True', 'True', 'True']",True
5571,"['True', 'True', 'True']",True
2542,"['False', 'False', 'False']",False
1411,"['False', 'False', 'False']",False
1412,"['False', 'False', 'False']",False
8086,"['True', 'False', 'False']",False
2789,"['Abstain', 'Abstain', 'Abstain']",False
2330,"['Abstain', 'False', 'False']",False
2636,"['Abstain', 'Abstain', 'Abstain']",False
1517,"['False', 'False', 'False']",False
1428,"['False', 'False', 'True']",False
6041,"['True', 'Abstain', 'True']",True
1524,"['False', 'Abstain', 'True']",False
7348,"['True', 'False', 'False']",True
2377,"['False', 'False', 'False']",False
2062,"['Abstain', 'False', 'False']",False
2561,"['Abstain', 'False', 'False']",False
1157,"['False', 'False', 'False']",False
5460,"['True', 'True', 'True']",True
8087,"['False', 'False', 'True']",False
5288,"['True', 'Abstain', 'True']",True
1548,"['False', 'False', 'True']",False
1885,"['False', 'False', 'False']",False
6377,"['Abstain', 'Abstain', 'True']",True
1445,"['False', 'False', 'False']",False
2697,"['False', 'Abstain', 'False']",False
1452,"['False', 'False', 'False']",False
6297,"['True', 'Abstain', 'Abstain']",True
5790,"['True', 'Abstain', 'True']",True
1277,"['False', 'False', 'False']",False
2449,"['Abstain', 'False', 'False']",False
1571,"['Abstain', 'Abstain', 'True']",False
6154,"['True', 'True', 'True']",True
2802,"['False', 'Abstain', 'False']",False
2569,"['False', 'Abstain', 'False']",False
5283,"['True', 'True', 'True']",True
5870,"['True', 'True', 'True']",True
7824,"['False', 'False', 'False']",False
1849,"['False', 'True', 'False']",False
6433,"['Abstain', 'Abstain', 'False']",True
1628,"['Abstain', 'False', 'False']",False
1913,"['False', 'True', 'True']",False
5295,"['True', 'True', 'True']",True
1938,"['False', 'False', 'False']",False
5885,"['True', 'True', 'True']",True
5659,"['True', 'False', 'True']",True
6059,"['True', 'True', 'True']",True
5754,"['True', 'Abstain', 'True']",True
2711,"['False', 'False', 'True']",False
5308,"['Abstain', 'Abstain', 'True']",True
5717,"['True', 'True', 'True']",True
1785,"['False', 'False', 'False']",False
2602,"['Abstain', 'False', 'False']",False
1736,"['False', 'Abstain', 'Abstain']",False
2126,"['False', 'False', 'False']",False
6280,"['Abstain', 'False', 'True']",True
1313,"['False', 'False', 'False']",False
2249,"['False', 'False', 'False']",False
2023,"['False', 'False', 'False']",False
1211,"['False', 'False', 'False']",False
5969,"['True', 'Abstain', 'Abstain']",True
1694,"['False', 'False', 'False']",False
8136,"['True', 'False', 'Abstain']",True
5335,"['False', 'True', 'True']",True
5506,"['Abstain', 'Abstain', 'False']",True
5954,"['False', 'False', 'True']",True
6244,"['False', 'Abstain', 'True']",True
6007,"['Abstain', 'Abstain', 'True']",True
1721,"['False', 'True', 'True']",False
5702,"['True', 'True', 'True']",True
6346,"['True', 'True', 'True']",True
5465,"['True', 'True', 'True']",True
6300,"['True', 'True', 'True']",True
2191,"['False', 'Abstain', 'Abstain']",False
6475,"['False', 'False', 'False']",True
2320,"['Abstain', 'False', 'False']",False
5468,"['True', 'True', 'Abstain']",True
6159,"['Abstain', 'True', 'Abstain']",True
1288,"['False', 'False', 'False']",False
5640,"['True', 'True', 'True']",True
6367,"['Abstain', 'Abstain', 'Abstain']",True
5913,"['True', 'True', 'True']",True
1279,"['False', 'False', 'True']",False
2331,"['True', 'False', 'False']",False
1735,"['False', 'False', 'False']",False
2031,"['Abstain', 'False', 'True']",False
6341,"['True', 'True', 'True']",True
6138,"['True', 'True', 'True']",True
8958,"['False', 'False', 'False']",False
1866,"['False', 'False', 'False']",False
1422,"['False', 'False', 'False']",False
1323,"['False', 'Abstain', 'False']",False
1368,"['Abstain', 'Abstain', 'Abstain']",False
1659,"['False', 'False', 'False']",False
5785,"['True', 'True', 'True']",True
1210,"['False', 'False', 'False']",False
5557,"['Abstain', 'Abstain', 'True']",True
6384,"['True', 'Abstain', 'True']",True
1825,"['False', 'False', 'True']",False
1394,"['False', 'False', 'Abstain']",False
1891,"['Abstain', 'False', 'False']",False
6073,"['True', 'True', 'True']",True
2178,"['False', 'Abstain', 'False']",False
8103,"['True', 'False', 'False']",False
2694,"['Abstain', 'Abstain', 'False']",False
2040,"['False', 'False', 'Abstain']",False
5569,"['True', 'True', 'True']",True
6417,"['True', 'True', 'True']",True
1455,"['False', 'False', 'Abstain']",False
2700,"['False', 'Abstain', 'False']",False
7863,"['False', 'Abstain', 'False']",False
5192,"['True', 'True', 'True']",True
1460,"['False', 'Abstain', 'Abstain']",False
1229,"['False', 'False', 'True']",False
5765,"['False', 'Abstain', 'Abstain']",True
2844,"['Abstain', 'Abstain', 'Abstain']",True
3671,"['False', 'False', 'False']",False
3916,"['Abstain', 'Abstain', 'False']",False
3674,"['False', 'Abstain', 'False']",False
3776,"['Abstain', 'Abstain', 'Abstain']",False
3396,"['Abstain', 'True', 'True']",True
2845,"['False', 'True', 'True']",True
3896,"['False', 'False', 'True']",False
3868,"['Abstain', 'False', 'False']",False
8813,"['False', 'False', 'False']",False
3195,"['True', 'Abstain', 'True']",True
3770,"['False', 'False', 'False']",False
2957,"['True', 'Abstain', 'True']",True
8010,"['Abstain', 'True', 'False']",True
2821,"['Abstain', 'Abstain', 'Abstain']",True
3992,"['True', 'Abstain', 'True']",False
3227,"['Abstain', 'Abstain', 'Abstain']",True
3292,"['Abstain', 'Abstain', 'Abstain']",True
3548,"['Abstain', 'Abstain', 'False']",True
4057,"['Abstain', 'False', 'Abstain']",False
3920,"['Abstain', 'Abstain', 'False']",False
4025,"['Abstain', 'Abstain', 'Abstain']",False
8737,"['True', 'True', 'Abstain']",True
3733,"['Abstain', 'Abstain', 'True']",False
3950,"['False', 'Abstain', 'Abstain']",False
8728,"['Abstain', 'Abstain', 'Abstain']",True
3498,"['True', 'True', 'Abstain']",True
3032,"['Abstain', 'True', 'True']",True
8906,"['Abstain', 'Abstain', 'False']",False
3748,"['False', 'False', 'False']",False
3804,"['True', 'True', 'True']",False
3522,"['Abstain', 'Abstain', 'False']",True
3943,"['False', 'Abstain', 'False']",False
4099,"['False', 'False', 'False']",False
3511,"['True', 'True', 'True']",True
3342,"['Abstain', 'True', 'True']",True
3730,"['False', 'False', 'Abstain']",False
3198,"['False', 'Abstain', 'False']",True
8783,"['Abstain', 'False', 'False']",False
3425,"['Abstain', 'Abstain', 'False']",True
3403,"['Abstain', 'Abstain', 'False']",True
3484,"['Abstain', 'Abstain', 'True']",True
3761,"['Abstain', 'Abstain', 'False']",False
8695,"['True', 'Abstain', 'True']",True
7896,"['False', 'Abstain', 'True']",True
3444,"['Abstain', 'Abstain', 'Abstain']",True
3167,"['Abstain', 'Abstain', 'Abstain']",True
6504,"['False', 'Abstain', 'Abstain']",False
3009,"['Abstain', 'Abstain', 'Abstain']",True
3086,"['Abstain', 'Abstain', 'Abstain']",True
3793,"['Abstain', 'False', 'False']",False
3673,"['False', 'False', 'Abstain']",False
8007,"['True', 'Abstain', 'True']",True
3303,"['True', 'Abstain', 'False']",True
3627,"['False', 'False', 'False']",False
3701,"['Abstain', 'Abstain', 'Abstain']",False
4040,"['Abstain', 'Abstain', 'False']",False
4107,"['False', 'Abstain', 'False']",False
7279,"['True', 'True', 'Abstain']",True
2900,"['True', 'Abstain', 'False']",True
8995,"['True', 'True', 'True']",True
3974,"['Abstain', 'Abstain', 'Abstain']",False
3979,"['Abstain', 'Abstain', 'Abstain']",False
3825,"['Abstain', 'False', 'True']",False
3938,"['Abstain', 'Abstain', 'False']",False
8718,"['Abstain', 'True', 'Abstain']",True
3252,"['Abstain', 'True', 'True']",True
3618,"['False', 'Abstain', 'False']",False
3788,"['False', 'Abstain', 'False']",False
3031,"['Abstain', 'True', 'Abstain']",True
8720,"['Abstain', 'Abstain', 'Abstain']",True
4130,"['False', 'Abstain', 'Abstain']",False
3506,"['Abstain', 'False', 'Abstain']",True
8880,"['False', 'Abstain', 'Abstain']",False
4106,"['Abstain', 'False', 'False']",False
8760,"['False', 'False', 'False']",False
3057,"['True', 'Abstain', 'True']",True
3164,"['False', 'False', 'False']",True
8637,"['True', 'True', 'True']",True
8852,"['False', 'False', 'False']",False
3341,"['Abstain', 'Abstain', 'Abstain']",True
3450,"['True', 'True', 'True']",True
3145,"['True', 'Abstain', 'True']",True
8660,"['True', 'Abstain', 'Abstain']",True
7306,"['False', 'False', 'False']",False
3908,"['False', 'False', 'False']",False
3559,"['False', 'True', 'False']",True
7984,"['True', 'True', 'Abstain']",True
3737,"['Abstain', 'Abstain', 'False']",False
3782,"['False', 'Abstain', 'Abstain']",False
3546,"['True', 'Abstain', 'Abstain']",True
2811,"['False', 'Abstain', 'True']",True
8755,"['Abstain', 'Abstain', 'False']",True
4199,"['Abstain', 'False', 'False']",False
3008,"['Abstain', 'Abstain', 'True']",True
3018,"['True', 'Abstain', 'Abstain']",True
2917,"['True', 'True', 'True']",True
2804,"['True', 'Abstain', 'Abstain']",True
8888,"['Abstain', 'False', 'False']",False
8639,"['Abstain', 'Abstain', 'True']",True
3570,"['False', 'Abstain', 'False']",False
3219,"['True', 'Abstain', 'True']",True
7282,"['Abstain', 'Abstain', 'True']",True
3053,"['False', 'Abstain', 'Abstain']",True
8597,"['Abstain', 'False', 'False']",True
7968,"['False', 'False', 'False']",True
8697,"['False', 'Abstain', 'True']",True
8878,"['False', 'Abstain', 'Abstain']",False
8751,"['False', 'False', 'True']",True
3350,"['False', 'True', 'True']",True
3187,"['True', 'True', 'True']",True
3569,"['Abstain', 'Abstain', 'Abstain']",False
3295,"['Abstain', 'Abstain', 'True']",True
2906,"['Abstain', 'Abstain', 'True']",True
7932,"['False', 'True', 'Abstain']",True
7925,"['Abstain', 'Abstain', 'False']",True
8703,"['Abstain', 'Abstain', 'Abstain']",True
3740,"['False', 'Abstain', 'Abstain']",False
3352,"['False', 'Abstain', 'False']",True
2981,"['Abstain', 'Abstain', 'Abstain']",True
3762,"['False', 'Abstain', 'False']",False
8731,"['Abstain', 'Abstain', 'Abstain']",True
2822,"['Abstain', 'Abstain', 'Abstain']",True
3391,"['True', 'Abstain', 'Abstain']",True
3402,"['Abstain', 'Abstain', 'Abstain']",True
2960,"['Abstain', 'Abstain', 'Abstain']",True
8863,"['Abstain', 'False', 'False']",False
8647,"['Abstain', 'True', 'True']",True
3976,"['Abstain', 'False', 'False']",False
7918,"['Abstain', 'False', 'False']",True
2930,"['Abstain', 'True', 'True']",True
3811,"['False', 'False', 'False']",False
3413,"['True', 'True', 'True']",True
6513,"['Abstain', 'False', 'False']",False
8726,"['False', 'Abstain', 'True']",True
2878,"['Abstain', 'Abstain', 'True']",True
8834,"['Abstain', 'Abstain', 'Abstain']",False
8704,"['Abstain', 'Abstain', 'Abstain']",True
3672,"['False', 'False', 'False']",False
2890,"['True', 'True', 'Abstain']",True
7941,"['Abstain', 'False', 'True']",True
7895,"['False', 'Abstain', 'True']",False
3778,"['Abstain', 'Abstain', 'True']",False
2909,"['Abstain', 'True', 'True']",True
3882,"['False', 'False', 'False']",False
3958,"['Abstain', 'False', 'Abstain']",False
3781,"['False', 'False', 'False']",False
3635,"['False', 'Abstain', 'False']",False
8675,"['Abstain', 'True', 'True']",True
3419,"['False', 'Abstain', 'False']",True
6487,"['False', 'False', 'True']",False
3970,"['Abstain', 'Abstain', 'Abstain']",False
3619,"['Abstain', 'False', 'False']",False
3322,"['Abstain', 'Abstain', 'Abstain']",True
7386,"['False', 'False', 'False']",False
8891,"['False', 'Abstain', 'Abstain']",False
7891,"['True', 'False', 'True']",True
3828,"['False', 'False', 'False']",False
3677,"['False', 'Abstain', 'False']",False
4179,"['False', 'False', 'Abstain']",False
3255,"['Abstain', 'Abstain', 'Abstain']",True
4173,"['Abstain', 'Abstain', 'False']",False
3542,"['False', 'False', 'Abstain']",True
7948,"['False', 'Abstain', 'False']",True
7371,"['Abstain', 'Abstain', 'Abstain']",True
4113,"['True', 'False', 'False']",False
8904,"['False', 'False', 'True']",False
6509,"['Abstain', 'False', 'Abstain']",False
3926,"['False', 'False', 'True']",False
8707,"['False', 'Abstain', 'Abstain']",True
3658,"['False', 'False', 'False']",False
4054,"['False', 'Abstain', 'Abstain']",False
3348,"['False', 'False', 'Abstain']",True
2832,"['Abstain', 'False', 'False']",True
4062,"['Abstain', 'Abstain', 'Abstain']",False
8899,"['False', 'False', 'False']",False
3238,"['True', 'Abstain', 'False']",True
4086,"['Abstain', 'Abstain', 'True']",False
2889,"['Abstain', 'Abstain', 'True']",True
8825,"['Abstain', 'Abstain', 'Abstain']",False
3109,"['True', 'True', 'True']",True
7299,"['True', 'True', 'True']",True
8742,"['Abstain', 'True', 'Abstain']",True
8976,"['False', 'Abstain', 'Abstain']",True
8807,"['False', 'False', 'Abstain']",False
8019,"['Abstain', 'Abstain', 'Abstain']",True
8747,"['True', 'False', 'True']",True
3492,"['False', 'Abstain', 'True']",True
4174,"['False', 'False', 'True']",False
7308,"['False', 'Abstain', 'False']",False
8748,"['False', 'True', 'Abstain']",True
3173,"['Abstain', 'Abstain', 'Abstain']",True
2921,"['Abstain', 'Abstain', 'Abstain']",True
3312,"['True', 'Abstain', 'True']",True
7966,"['Abstain', 'Abstain', 'True']",True
3300,"['Abstain', 'Abstain', 'Abstain']",True
3118,"['Abstain', 'Abstain', 'True']",True
8743,"['True', 'True', 'True']",True
3087,"['Abstain', 'False', 'True']",True
2819,"['Abstain', 'Abstain', 'Abstain']",True
3972,"['Abstain', 'Abstain', 'Abstain']",False
8875,"['False', 'False', 'False']",False
2855,"['Abstain', 'Abstain', 'True']",True
8626,"['Abstain', 'Abstain', 'True']",True
3171,"['Abstain', 'False', 'Abstain']",True
8922,"['False', 'Abstain', 'False']",False
2894,"['Abstain', 'Abstain', 'Abstain']",True
8025,"['True', 'Abstain', 'Abstain']",True
3147,"['False', 'False', 'False']",True
7885,"['False', 'False', 'False']",False
8775,"['Abstain', 'False', 'Abstain']",False
3128,"['True', 'True', 'True']",True
4143,"['False', 'False', 'False']",False
3897,"['False', 'False', 'Abstain']",False
3129,"['Abstain', 'Abstain', 'True']",True
3289,"['Abstain', 'Abstain', 'Abstain']",True
2829,"['Abstain', 'Abstain', 'True']",True
3266,"['False', 'Abstain', 'Abstain']",True
3169,"['Abstain', 'Abstain', 'Abstain']",True
3536,"['Abstain', 'False', 'Abstain']",True
3864,"['Abstain', 'Abstain', 'Abstain']",False
4092,"['Abstain', 'Abstain', 'False']",False
3137,"['Abstain', 'Abstain', 'Abstain']",True
8920,"['False', 'Abstain', 'Abstain']",False
3226,"['True', 'Abstain', 'Abstain']",True
3764,"['False', 'Abstain', 'Abstain']",False
8044,"['True', 'True', 'True']",True
8686,"['True', 'True', 'True']",True
3878,"['False', 'Abstain', 'False']",False
3795,"['False', 'Abstain', 'False']",False
7917,"['False', 'Abstain', 'Abstain']",True
8869,"['False', 'Abstain', 'Abstain']",False
3732,"['False', 'False', 'False']",False
7989,"['False', 'Abstain', 'False']",True
8006,"['True', 'True', 'True']",True
2932,"['Abstain', 'Abstain', 'Abstain']",True
3880,"['False', 'False', 'False']",False
4043,"['Abstain', 'Abstain', 'Abstain']",False
3557,"['False', 'Abstain', 'False']",True
8853,"['Abstain', 'None', 'True']",False
3954,"['Abstain', 'Abstain', 'Abstain']",False
4153,"['Abstain', 'True', 'Abstain']",False
8594,"['True', 'False', 'False']",True
3355,"['Abstain', 'Abstain', 'True']",True
2954,"['True', 'False', 'True']",True
3688,"['Abstain', 'False', 'False']",False
3043,"['Abstain', 'True', 'Abstain']",True
2891,"['True', 'Abstain', 'True']",True
4954,"['True', 'True', 'True']",True
661,"['False', 'False', 'False']",False
4411,"['True', 'True', 'True']",True
8301,"['True', 'True', 'True']",True
415,"['False', 'False', 'False']",False
614,"['False', 'False', 'False']",False
6574,"['False', 'False', 'False']",False
589,"['False', 'False', 'False']",False
387,"['False', 'True', 'True']",False
8407,"['True', 'True', 'True']",True
8441,"['Abstain', 'Abstain', 'Abstain']",False
6598,"['True', 'False', 'False']",False
8374,"['True', 'True', 'True']",True
542,"['False', 'Abstain', 'False']",False
606,"['False', 'False', 'False']",False
681,"['False', 'False', 'False']",False
4620,"['True', 'True', 'True']",True
715,"['False', 'False', 'False']",False
391,"['True', 'False', 'True']",False
5035,"['True', 'True', 'True']",True
4956,"['True', 'True', 'True']",True
4803,"['True', 'True', 'True']",True
4499,"['True', 'True', 'True']",True
856,"['False', 'False', 'False']",False
4602,"['True', 'Abstain', 'True']",True
8406,"['True', 'True', 'True']",True
437,"['True', 'True', 'True']",False
1014,"['Abstain', 'Abstain', 'True']",False
4385,"['True', 'True', 'True']",True
935,"['False', 'False', 'False']",False
380,"['False', 'False', 'False']",False
1122,"['False', 'False', 'False']",False
8153,"['False', 'False', 'False']",False
4435,"['True', 'Abstain', 'True']",True
8323,"['True', 'Abstain', 'True']",True
8202,"['False', 'False', 'False']",False
8492,"['True', 'Abstain', 'True']",True
5091,"['True', 'True', 'True']",True
400,"['False', 'False', 'False']",False
691,"['False', 'False', 'False']",False
5044,"['Abstain', 'Abstain', 'Abstain']",True
8291,"['Abstain', 'Abstain', 'True']",True
8472,"['False', 'False', 'False']",False
7331,"['True', 'True', 'True']",False
525,"['False', 'False', 'False']",False
4227,"['Abstain', 'Abstain', 'Abstain']",True
4758,"['Abstain', 'True', 'True']",True
452,"['Abstain', 'False', 'False']",False
473,"['False', 'False', 'False']",False
735,"['False', 'Abstain', 'False']",False
4750,"['Abstain', 'Abstain', 'Abstain']",True
4482,"['True', 'True', 'True']",True
4641,"['True', 'Abstain', 'True']",True
1079,"['False', 'False', 'False']",False
4559,"['True', 'True', 'True']",True
4633,"['True', 'True', 'True']",True
8520,"['True', 'True', 'True']",True
9036,"['False', 'True', 'True']",True
982,"['Abstain', 'False', 'Abstain']",False
5008,"['True', 'True', 'True']",True
8163,"['True', 'True', 'True']",True
4726,"['True', 'True', 'True']",True
4820,"['True', 'True', 'True']",True
717,"['False', 'False', 'False']",False
696,"['False', 'False', 'True']",False
4548,"['True', 'True', 'True']",True
8580,"['False', 'False', 'True']",False
648,"['False', 'False', 'False']",False
6566,"['False', 'Abstain', 'False']",False
596,"['False', 'Abstain', 'Abstain']",False
8382,"['False', 'Abstain', 'False']",False
4700,"['True', 'True', 'True']",True
8389,"['Abstain', 'False', 'Abstain']",False
5155,"['True', 'True', 'True']",True
793,"['False', 'False', 'False']",False
4402,"['True', 'True', 'True']",True
870,"['False', 'False', 'False']",False
4470,"['False', 'Abstain', 'True']",True
883,"['False', 'False', 'True']",False
4899,"['Abstain', 'True', 'True']",True
980,"['False', 'False', 'False']",False
8199,"['True', 'Abstain', 'True']",True
5034,"['Abstain', 'Abstain', 'Abstain']",True
4472,"['True', 'True', 'True']",True
406,"['False', 'False', 'False']",False
4223,"['Abstain', 'Abstain', 'Abstain']",True
467,"['True', 'False', 'False']",False
653,"['False', 'False', 'False']",False
1061,"['Abstain', 'Abstain', 'Abstain']",False
8346,"['False', 'False', 'False']",False
4544,"['False', 'True', 'True']",True
4350,"['True', 'True', 'True']",True
4498,"['True', 'True', 'True']",True
8443,"['False', 'Abstain', 'False']",False
4225,"['Abstain', 'True', 'Abstain']",True
556,"['False', 'False', 'False']",False
8459,"['True', 'True', 'True']",True
4937,"['Abstain', 'Abstain', 'Abstain']",True
8411,"['True', 'True', 'True']",True
4526,"['True', 'True', 'True']",True
8368,"['True', 'True', 'True']",True
5030,"['True', 'True', 'True']",True
4437,"['True', 'Abstain', 'True']",True
7134,"['True', 'True', 'True']",True
1119,"['False', 'False', 'False']",False
8214,"['False', 'False', 'True']",True
4716,"['Abstain', 'True', 'Abstain']",True
1046,"['False', 'Abstain', 'False']",False
510,"['False', 'False', 'False']",False
498,"['False', 'False', 'False']",False
826,"['False', 'False', 'False']",False
7222,"['False', 'Abstain', 'False']",True
421,"['False', 'False', 'False']",False
6555,"['False', 'False', 'False']",False
816,"['False', 'False', 'False']",False
8377,"['True', 'True', 'True']",True
8230,"['True', 'True', 'True']",True
7327,"['True', 'True', 'True']",True
453,"['Abstain', 'True', 'True']",False
4812,"['True', 'True', 'True']",True
588,"['False', 'False', 'False']",False
781,"['False', 'False', 'False']",False
8518,"['True', 'True', 'True']",True
738,"['False', 'False', 'False']",False
8355,"['Abstain', 'False', 'False']",True
4584,"['True', 'True', 'True']",True
4628,"['False', 'True', 'True']",True
1069,"['False', 'Abstain', 'False']",False
4723,"['True', 'True', 'True']",True
1024,"['False', 'Abstain', 'False']",False
4586,"['False', 'True', 'True']",True
4727,"['True', 'True', 'False']",True
5083,"['True', 'Abstain', 'True']",True
4619,"['True', 'True', 'True']",True
4972,"['False', 'False', 'False']",True
8442,"['False', 'False', 'False']",True
4915,"['True', 'False', 'True']",True
8314,"['False', 'False', 'False']",False
6594,"['False', 'Abstain', 'Abstain']",False
4746,"['True', 'True', 'Abstain']",True
4204,"['True', 'True', 'True']",True
813,"['False', 'False', 'False']",False
465,"['False', 'False', 'False']",False
4872,"['True', 'True', 'True']",True
665,"['Abstain', 'False', 'False']",False
7390,"['Abstain', 'False', 'False']",True
7071,"['True', 'True', 'True']",True
4239,"['True', 'Abstain', 'True']",True
4552,"['True', 'True', 'Abstain']",True
7121,"['Abstain', 'True', 'True']",True
8169,"['Abstain', 'True', 'Abstain']",True
4538,"['Abstain', 'True', 'True']",True
4310,"['True', 'True', 'Abstain']",True
642,"['False', 'False', 'Abstain']",False
4276,"['True', 'True', 'True']",True
607,"['False', 'False', 'False']",False
976,"['False', 'False', 'False']",False
572,"['Abstain', 'Abstain', 'Abstain']",False
1127,"['False', 'False', 'False']",False
1009,"['False', 'False', 'False']",False
624,"['False', 'False', 'False']",False
8438,"['True', 'True', 'True']",True
8200,"['False', 'False', 'False']",False
8249,"['True', 'True', 'True']",True
8320,"['True', 'True', 'True']",True
4986,"['True', 'Abstain', 'True']",True
8273,"['False', 'False', 'False']",False
8242,"['False', 'False', 'False']",False
458,"['False', 'Abstain', 'False']",False
4656,"['True', 'True', 'True']",True
1064,"['False', 'False', 'False']",False
4795,"['Abstain', 'Abstain', 'Abstain']",True
603,"['False', 'False', 'True']",False
584,"['False', 'False', 'False']",False
5131,"['Abstain', 'True', 'True']",True
1106,"['False', 'False', 'False']",False
5094,"['True', 'True', 'True']",True
4306,"['Abstain', 'False', 'False']",True
7223,"['False', 'False', 'False']",False
995,"['Abstain', 'Abstain', 'Abstain']",False
6556,"['False', 'Abstain', 'True']",False
1047,"['False', 'False', 'True']",False
5093,"['True', 'True', 'True']",True
4776,"['Abstain', 'True', 'True']",True
4268,"['True', 'True', 'True']",True
4887,"['True', 'True', 'True']",True
8510,"['True', 'True', 'True']",True
4534,"['True', 'True', 'True']",True
4583,"['True', 'True', 'True']",True
4840,"['True', 'False', 'Abstain']",True
4349,"['True', 'True', 'True']",True
905,"['False', 'False', 'False']",False
4765,"['True', 'True', 'True']",True
628,"['False', 'False', 'False']",False
4696,"['True', 'True', 'True']",True
583,"['False', 'False', 'False']",False
5058,"['True', 'True', 'True']",True
741,"['False', 'False', 'False']",False
4784,"['True', 'Abstain', 'True']",True
8497,"['Abstain', 'True', 'True']",True
4560,"['True', 'True', 'True']",True
7101,"['True', 'True', 'True']",True
4691,"['True', 'True', 'True']",True
8280,"['True', 'True', 'True']",True
1005,"['False', 'False', 'False']",False
593,"['False', 'False', 'True']",False
948,"['False', 'False', 'False']",False
850,"['False', 'False', 'False']",False
747,"['False', 'False', 'False']",False
8511,"['False', 'False', 'False']",False
397,"['False', 'False', 'False']",False
7148,"['True', 'True', 'True']",True
4981,"['True', 'True', 'True']",True
7085,"['Abstain', 'Abstain', 'True']",True
4617,"['True', 'True', 'True']",True
7109,"['True', 'True', 'True']",True
544,"['Abstain', 'False', 'False']",False
8356,"['False', 'False', 'False']",False
7099,"['True', 'Abstain', 'True']",True
504,"['False', 'False', 'False']",False
801,"['Abstain', 'Abstain', 'Abstain']",False
457,"['False', 'Abstain', 'True']",False
4518,"['True', 'True', 'True']",True
