7765,"['False', 'False', 'True']",False
7528,"['False', 'False', 'False']",False
7493,"['False', 'False', 'False']",False
6679,"['True', 'True', 'True']",True
6980,"['True', 'True', 'True']",True
21,"['True', 'True', 'True']",True
6709,"['True', 'False', 'True']",True
6840,"['False', 'True', 'True']",False
6654,"['True', 'Inconclusive', 'True']",True
6826,"['Abstain', 'Abstain', 'Abstain']",False
242,"['Abstain', 'Abstain', 'Abstain']",False
7021,"['Abstain', 'True', 'True']",False
116,"['True', 'True', 'True']",True
7455,"['False', 'False', 'False']",False
1,"['True', 'True', 'True']",True
6657,"['Not Available', 'True', 'False']",True
7596,"['Abstain', 'Abstain', 'Abstain']",True
7789,"['False', 'Abstain', 'Inconclusive']",True
6769,"['Abstain', 'True', 'Abstain']",True
28,"['True', 'True', 'True']",True
6760,"['True', 'True', 'Abstain']",True
6730,"['True', 'True', 'True']",True
59,"['True', 'True', 'True']",True
6984,"['True', 'True', 'True']",True
119,"['True', 'True', 'True']",True
6818,"['Abstain', 'Abstain', 'Abstain']",False
138,"['Abstain', 'Abstain', 'Abstain']",False
161,"['Abstain', 'Abstain', 'Abstain']",False
7750,"['False', 'False', 'False']",False
7433,"['False', 'False', 'False']",False
7544,"['False', 'False', 'False']",False
7500,"['False', 'False', 'False']",False
7674,"['Abstain', 'False', 'True']",True
7163,"['True', 'True', 'Abstain']",False
268,"['False', 'False', 'False']",False
6874,"['Abstain', 'Abstain', 'Abstain']",False
80,"['True', 'True', 'True']",True
7517,"['False', 'False', 'False']",False
6791,"['True', 'Abstain', 'Abstain']",False
7403,"['False', 'False', 'False']",False
267,"['Abstain', 'Abstain', 'Abstain']",False
7505,"['False', 'False', 'False']",False
6908,"['Abstain', 'Abstain', 'False']",False
6664,"['True', 'True', 'True']",True
6828,"['True', 'True', 'True']",False
6659,"['True/False', 'True', 'True']",True
7710,"['Abstain', 'False', 'Abstain']",True
6710,"['True', 'Abstain', 'True']",True
320,"['True', 'True', 'True']",True
7443,"['True', 'Abstain', 'False']",False
7786,"['Abstain', 'True', 'Abstain']",True
299,"['True', 'True', 'True']",True
187,"['False', 'Abstain', 'False']",False
6786,"['False', 'True', 'Abstain']",True
7401,"['False', 'False', 'False']",False
6783,"['Abstain', 'True', 'Abstain']",True
7723,"['Abstain', 'Abstain', 'False']",True
7155,"['False', 'True', 'True']",True
70,"['True', 'True', 'True']",True
7590,"['True', 'Abstain', 'Abstain']",True
266,"['False', 'Abstain', 'Abstain']",False
36,"['True', 'True', 'True']",True
7672,"['Indeterminate', 'Abstain', 'False']",True
6941,"['Abstain', 'Abstain', 'Abstain']",False
305,"['True', 'Abstain', 'True']",True
7611,"['Abstain', 'Abstain', 'Abstain']",True
39,"['True', 'True', 'True']",True
296,"['True', 'True', 'True']",True
71,"['True', 'True', 'Abstain']",True
7603,"['False', 'True', 'False']",True
6928,"['True', 'True', 'Abstain']",False
282,"['Abstain', 'Abstain', 'Abstain']",True
6711,"['Abstain', 'Abstain', 'Abstain']",True
7170,"['Abstain', 'Abstain', 'False']",False
7161,"['True', 'False', 'True']",True
7047,"['Abstain', 'False', 'False']",False
7664,"['False', 'False', 'Abstain']",True
7574,"['Abstain', 'Abstain', 'Abstain']",True
7711,"['False', 'Abstain', 'Abstain']",True
7175,"['True', 'Abstain', 'Abstain']",False
359,"['False', 'False', 'False']",False
89,"['True', 'True', 'True']",True
241,"['False', 'Abstain', 'Abstain']",False
6997,"['False', 'Abstain', 'True']",True
186,"['True', 'True', 'True']",False
286,"['True', 'True', 'True']",True
263,"['True', 'True', 'True']",False
6,"['True', 'True', 'True']",True
6943,"['Abstain', 'False', 'Abstain']",False
293,"['True', 'Abstain', 'True']",True
6846,"['Abstain', 'Abstain', 'Abstain']",False
218,"['Abstain', 'False', 'Abstain']",False
6937,"['Abstain', 'Abstain', 'Abstain']",False
127,"['True', 'True', 'True']",True
31,"['Abstain', 'Abstain', 'Abstain']",True
6638,"['True', 'True', 'True']",True
121,"['True', 'True', 'True']",True
7001,"['Abstain', 'True', 'True']",True
251,"['Abstain', 'Abstain', 'Abstain']",False
7598,"['Abstain', 'Abstain', 'True']",True
7772,"['Abstain', 'Abstain', 'False']",True
68,"['True', 'True', 'Abstain']",True
311,"['True', 'False', 'True']",True
7617,"['True', 'False', 'Abstain']",True
7684,"['True', 'Abstain', 'True']",True
192,"['Abstain', 'Abstain', 'Abstain']",False
232,"['False', 'False', 'Abstain']",False
6688,"['True', 'True', '""Griffles""']",True
6637,"['True', 'True', 'True']",True
7525,"['False', 'False', 'False']",False
113,"['True', 'True', 'True']",True
7457,"['False', 'False', 'False']",False
14,"['True', 'True', 'True']",True
7462,"['False', 'False', 'False']",False
7151,"['True', 'True', 'True']",False
7565,"['Abstain', 'Abstain', 'Abstain']",True
6649,"['False', 'True', 'False']",True
7459,"['False', 'False', 'False']",False
313,"['True', 'True', 'True']",True
7023,"['False', 'Abstain', 'False']",False
7796,"['True', 'Abstain', 'True']",True
6736,"['True', 'True', 'True']",True
53,"['True', 'True', 'True']",True
165,"['Abstain', 'Abstain', 'Abstain']",False
83,"['True', 'True', 'True']",True
7571,"['Abstain', 'True', 'Abstain']",True
7788,"['Abstain', 'False', 'True']",True
368,"['False', 'False', 'False']",False
33,"['True', 'True', 'True']",True
7615,"['False', 'Abstain', 'Abstain']",True
6942,"['Abstain', 'years_calculation(""1982-08-25"", 4)', 'False']",False
7065,"['Abstain', 'Abstain', 'Abstain']",False
6964,"['Abstain', 'True', 'True']",True
7741,"['False', 'True', 'False']",False
7552,"['False', 'False', 'Abstain']",True
6926,"['True', 'Abstain', 'Abstain']",False
6995,"['Abstain', 'Abstain', 'Abstain']",True
329,"['False', 'False', 'False']",False
6778,"['Abstain', 'Abstain', 'Abstain']",True
7797,"['False', 'True', 'True']",True
7435,"['False', 'False', 'False']",False
7681,"['Abstain', 'True', 'Abstain']",True
122,"['True', 'True', 'True']",True
6884,"['Abstain', 'Abstain', 'Abstain']",False
6872,"['Abstain', 'Abstain', 'Abstain']",False
328,"['False', 'False', 'False']",False
7548,"['Abstain', 'Inconclusive', 'Abstain']",True
226,"['False', 'False', 'False']",False
6701,"['True', 'Abstain', 'True']",True
246,"['Abstain', 'Abstain', 'Abstain']",False
175,"['Abstain', 'Abstain', 'Abstain']",False
330,"['False', 'False', 'False']",False
7489,"['False', 'Abstain', 'False']",False
7782,"['Unknown', 'False', 'False']",True
7449,"['False', 'False', 'False']",False
6713,"['True', 'Abstain', 'True, with multiple predecessors']",True
7025,"['False', 'Abstain', 'False']",False
229,"['Abstain', 'Abstain', 'Abstain']",False
7764,"['False', 'True', 'Current_Date_not_in_range([""2000-04-20"", ""2005-07-19""']",False
7061,"['False', 'Abstain', 'Abstain']",False
6687,"['True', 'True', 'True']",True
6925,"['Unknown', 'Abstain', 'True']",False
7717,"['Unknown', 'Abstain', 'False']",True
7043,"['False', 'Unknown', 'False']",False
7698,"['Abstain', 'Abstain', 'Abstain']",True
288,"['True', 'True', 'True']",True
214,"['Abstain', 'Abstain', 'Inconclusive']",False
326,"['False', 'Abstain', 'Abstain']",False
198,"['Abstain', 'False', 'False']",False
6797,"['Abstain', 'Abstain', 'Abstain']",False
6723,"['True', 'Abstain', 'True']",True
7745,"['Abstain', 'False', 'False']",False
7720,"['Abstain', 'True', 'Abstain']",True
7452,"['False', 'False', 'False']",False
169,"['Abstain', 'Abstain', 'Abstain']",False
7162,"['True', 'True', 'True']",True
7056,"['True', 'Abstain', 'Abstain']",False
7779,"['False', 'False', 'True']",True
6772,"['False', 'Abstain', 'True']",True
7431,"['False', 'True/False', 'False']",False
7450,"['Abstain', 'Abstain', 'Abstain']",False
107,"['True', 'True', 'True']",True
7780,"['Abstain', 'Abstain', 'False']",True
6814,"['Abstain', 'True', 'False']",False
7661,"['False', 'Abstain', 'True']",True
57,"['True', 'True', 'True']",True
6822,"['False', 'True', 'True']",False
7512,"['False', 'False', 'False']",False
7487,"['False', 'False', 'False']",False
7499,"['False', 'False', 'False']",False
6976,"['True', 'True', 'True']",True
18,"['True', 'True', 'True']",True
6878,"['Abstain', 'Abstain', 'Abstain']",False
7410,"['False', 'False', 'False']",False
6909,"['Abstain', 'False', 'Abstain']",False
7803,"['Abstain', 'Abstain', 'Abstain']",True
297,"['False', 'True', 'True']",True
290,"['Abstain', 'True', 'True']",True
7668,"['False', 'False', 'True']",True
6777,"['Abstain', 'Abstain', 'Abstain']",True
6831,"['False', 'Abstain', 'Abstain']",False
231,"['Abstain', 'False', 'Abstain']",False
182,"['Abstain', 'Abstain', 'Abstain']",False
180,"['Abstain', 'Abstain', 'True']",False
7495,"['False', 'False', 'False']",False
6725,"['True', 'Ambiguous', 'Abstain']",True
294,"['True', 'True', 'True']",True
258,"['True', 'True', 'True']",False
6900,"['Abstain', 'Abstain', 'Abstain']",False
6743,"['Abstain', 'True', 'True']",True
6859,"['False', 'False', 'Abstain']",False
8948,"['True', 'True', 'True']",True
222,"['False', 'False', 'False']",False
115,"['True', 'True', 'True']",True
7463,"['False', 'False', 'False']",False
366,"['Abstain', 'False', 'False']",False
54,"['True', 'True', 'True']",True
7445,"['False', 'False', 'False']",False
6758,"['Abstain', 'True', 'True']",True
6699,"['""Rams""', 'True', 'True']",True
350,"['Abstain', 'Abstain', 'Abstain']",False
6987,"['True', 'True', 'True']",True
6927,"['Abstain', 'Abstain', 'Abstain']",False
6931,"['Abstain', 'Abstain', 'Abstain']",False
7460,"['False', 'False', 'False']",False
6766,"['""The title of the award received by Mikhail Mesheryakov is Order of the Red Banner""', 'True', 'True']",True
6981,"['True', 'Abstain', 'True']",True
7053,"['Abstain', 'False', 'False']",False
7751,"['False', 'False', 'False']",False
105,"['True', 'True', 'True']",True
154,"['True', 'Abstain', 'Abstain']",False
6907,"['Abstain', 'False', 'Abstain']",False
6703,"['""Hugglescote Wesleyans""', 'True', 'True']",True
88,"['True', 'True', 'True']",True
7564,"['Abstain', 'Abstain', 'Abstain']",True
6737,"['True', 'True', 'True']",True
6630,"['True', 'True', 'True']",True
7726,"['False', 'False', 'False']",False
147,"['Abstain', 'Abstain', 'Abstain']",False
275,"['Abstain', 'Abstain', 'False']",False
6681,"['True', 'True', 'True']",True
6849,"['Abstain', 'Abstain', 'Unknown']",False
7556,"['Abstain', 'True', 'Abstain']",True
256,"['True', 'Abstain', 'Abstain']",False
7434,"['False', 'False', 'False']",False
188,"['Abstain', 'Abstain', 'Abstain']",False
7507,"['False', 'False', 'False']",False
7534,"['False', 'False', 'False']",False
6767,"['True', 'True', 'True']",True
6986,"['True', 'Abstain', 'True']",True
5332,"['True', 'True', 'True']",True
7835,"['True', 'Abstain', 'True']",False
2437,"['False', 'Abstain', 'Abstain']",False
5353,"['True', 'Abstain', 'True']",True
8083,"['Abstain', 'True', 'True']",False
2389,"['Abstain', 'Abstain', 'Abstain']",False
2479,"['Abstain', 'False', 'False']",False
1857,"['True', 'Abstain', 'True']",False
1431,"['False', 'Abstain', 'False']",False
1238,"['False', 'Abstain', 'Abstain']",False
5326,"['True', 'Abstain', 'Abstain']",True
6431,"['True', 'Abstain', 'Abstain']",True
1947,"['False', 'False', 'False']",False
6094,"['Abstain', 'Abstain', 'Abstain']",True
1339,"['False', 'False', 'False']",False
2518,"['Abstain', 'Abstain', 'False']",False
2130,"['Abstain', 'False', 'Abstain']",False
5763,"['True', 'Abstain', 'Abstain']",True
5516,"['True', 'Abstain', 'Abstain']",True
1317,"['Abstain', 'Abstain', 'True']",False
2397,"['Abstain', 'Abstain', 'Abstain']",False
7255,"['Abstain', 'Abstain', 'False']",False
5203,"['Abstain', 'True', 'Abstain']",True
1745,"['Abstain', 'False', 'False']",False
1194,"['Abstain', 'Abstain', 'Abstain']",False
1208,"['False', 'Abstain', 'False']",False
6272,"['Abstain', 'Abstain', 'True']",True
1304,"['False', 'False', 'False']",False
5561,"['True', 'True', 'Abstain']",True
1272,"['False', 'False', 'False']",False
2236,"['False', 'Abstain', 'Abstain']",False
1658,"['False', 'False', 'False']",False
1482,"['Abstain', 'False', 'False']",False
5372,"['Abstain', 'True', 'True']",True
1967,"['Abstain', 'False', 'Abstain']",False
5603,"['True', 'Abstain', 'True']",True
5402,"['True', 'True', 'True']",True
5444,"['True', 'True', 'True']",True
2406,"['Abstain', 'False', 'Abstain']",False
8097,"['True', 'False', 'Abstain']",False
2510,"['True', 'Abstain', 'Abstain']",False
5864,"['True', ""'genre'"", 'True']",True
2166,"['Abstain', 'False', 'Abstain']",False
5904,"['Abstain', 'Abstain', 'Abstain']",True
1958,"['False', 'Abstain', 'False']",False
1859,"['False', 'False', 'False']",False
5966,"['True', 'True', 'True']",True
6178,"['Abstain', 'Abstain', 'True']",True
2693,"['False', 'False', 'False']",False
1203,"['Abstain', 'Abstain', 'Abstain']",False
2385,"['True', 'True', 'Abstain']",False
7339,"['True', 'Abstain', 'Abstain']",False
2751,"['False', 'False', 'True/False']",False
8111,"['Abstain', 'Abstain', 'Abstain']",False
5581,"['Abstain', 'Abstain', 'True']",True
5572,"['True', 'Abstain', 'Abstain']",True
8135,"['False', 'False', 'True']",False
1397,"['Abstain', 'False', 'Abstain']",False
9017,"['Abstain', 'Abstain', 'Abstain']",False
2556,"['Abstain', 'Abstain', 'Abstain']",False
1899,"['Abstain', 'Abstain', 'Abstain']",False
1370,"['False', 'False', 'False']",False
1963,"['False', 'Abstain', 'Abstain']",False
1281,"['Abstain', 'True', 'Abstain']",False
7353,"['Abstain', 'Abstain', 'True']",True
5744,"['True', 'Abstain', 'True']",True
2411,"['Abstain', 'True', 'False']",False
1671,"['False', 'Abstain', 'Abstain']",False
6151,"['True', 'True', 'Abstain']",True
5877,"['True', 'Abstain', 'Abstain']",True
7335,"['Abstain', 'Abstain', 'True']",True
1561,"['False', 'False', 'False']",False
2589,"['Abstain', 'False', 'Abstain']",False
7839,"['False', 'True', 'False']",False
1527,"['False', 'False', 'False']",False
1310,"['Abstain', 'Abstain', 'Abstain']",False
5179,"['True', 'Abstain', 'Abstain']",True
2682,"['Abstain', 'True', 'Abstain']",False
1853,"['False', 'Abstain', '""1776-02-18""']",False
2434,"['Abstain', 'False', 'Abstain']",False
1320,"['Abstain', 'Abstain', 'False']",False
2624,"['Abstain', 'False', 'Abstain']",False
5169,"['True', 'True', 'True']",True
1877,"['Abstain', 'False', 'False']",False
2196,"['True', 'True', 'Abstain']",False
2070,"['Abstain', 'Abstain', 'Abstain']",False
2233,"['Abstain', 'Abstain', 'Abstain']",False
2205,"['Abstain', 'Abstain', 'True']",False
2685,"['Abstain', 'Abstain', 'Abstain']",False
6117,"['True', 'Abstain', 'True']",True
2028,"['Abstain', 'False', 'Abstain']",False
2506,"['False', 'Abstain', 'False']",False
1493,"['Abstain', 'False', 'False']",False
6064,"['Abstain', 'Abstain', 'True']",True
6356,"['Abstain', 'Abstain', 'Abstain']",True
5908,"['True', 'True', 'True']",True
6043,"['Abstain', 'Abstain', 'Abstain']",True
5721,"['Abstain', 'True', 'True']",True
1160,"['Abstain', 'Abstain', 'False']",False
7265,"['False', 'Abstain', 'Abstain']",False
2091,"['False', 'False', 'True']",False
5334,"['True', 'True', 'True']",True
7365,"['Abstain', 'Abstain', 'Abstain']",True
2078,"['True', 'False', 'True']",False
2001,"['Abstain', 'Abstain', 'Abstain']",False
1295,"['Abstain', 'False', 'False']",False
2662,"['Abstain', 'Abstain', 'Abstain']",False
2071,"['False', 'Abstain', 'Abstain']",False
1395,"['False', 'Abstain', 'Abstain']",False
2139,"['True', 'True', 'False']",False
7236,"['False', 'False', 'False']",False
2352,"['False', 'True', 'False']",False
1181,"['False', 'Abstain', 'Abstain']",False
1550,"['Abstain', 'Abstain', 'False']",False
6474,"['Abstain', 'Abstain', 'Abstain']",True
6133,"['Abstain', 'True', 'True']",True
2681,"['Abstain', 'Abstain', 'Abstain']",False
5745,"['True', 'Abstain', 'True']",True
1419,"['Abstain', 'Abstain', 'False']",False
1199,"['False', 'False', 'False']",False
6312,"['Abstain', 'Abstain', 'Abstain']",True
6389,"['True', 'True', 'Abstain']",True
1782,"['Abstain', 'True', 'False']",False
1247,"['Abstain', 'Abstain', 'Abstain']",False
1887,"['False', 'False', 'False']",False
1601,"['False', 'False', 'Abstain']",False
2781,"['False', 'False', 'False']",False
1133,"['False', 'False', 'False']",False
1223,"['False', 'Abstain', 'Abstain']",False
6177,"['Abstain', 'True', 'Abstain']",True
1634,"['False', 'False', 'Abstain']",False
5592,"['True', 'Abstain', 'True']",True
1453,"['Abstain', 'False', 'False']",False
2735,"['True', 'False', 'False']",False
5723,"['True', 'True', 'True']",True
5571,"['True', 'Abstain', 'True']",True
2542,"['Abstain', 'Abstain', 'Abstain']",False
1411,"['False', 'False', 'False']",False
1412,"['False', 'False', 'Abstain']",False
8086,"['False', 'Abstain', 'Abstain']",False
2789,"['Abstain', 'True', 'Abstain']",False
2330,"['Abstain', 'Abstain', 'Abstain']",False
2636,"['Abstain', 'Abstain', 'Abstain']",False
1517,"['False', 'Abstain', 'False']",False
1428,"['Abstain', 'Abstain', 'False']",False
6041,"['True', 'True', 'Abstain']",True
1524,"['False', 'False', 'False']",False
7348,"['True', 'Abstain', 'True']",True
2377,"['Abstain', 'Abstain', 'True']",False
2062,"['False', 'Abstain', 'Abstain']",False
2561,"['False', 'False', 'Abstain']",False
1157,"['Abstain', 'Abstain', 'Abstain']",False
5460,"['Abstain', 'True', 'True']",True
8087,"['Abstain', 'True', 'Abstain']",False
5288,"['Abstain', 'True', 'True']",True
1548,"['True', 'Abstain', 'True']",False
1885,"['Abstain', 'False', 'False']",False
6377,"['True', 'Abstain', 'True']",True
1445,"['Abstain', 'False', 'Abstain']",False
2697,"['Abstain', 'Abstain', 'False']",False
1452,"['Abstain', 'Abstain', 'Abstain']",False
6297,"['Abstain', 'Abstain', 'Abstain']",True
5790,"['Abstain', 'True', 'True']",True
1277,"['Abstain', 'Abstain', 'Abstain']",False
2449,"['False', 'Abstain', 'False']",False
1571,"['Abstain', 'Abstain', 'Abstain']",False
6154,"['True', 'True', 'True']",True
2802,"['Abstain', 'Abstain', 'Abstain']",False
2569,"['False', 'Abstain', 'False']",False
5283,"['True', 'True', 'True']",True
5870,"['True', 'True', 'False']",True
7824,"['False', 'False', 'False']",False
1849,"['Abstain', 'False', 'False']",False
6433,"['Abstain', 'Abstain', 'Abstain']",True
1628,"['Abstain', 'Abstain', 'False']",False
1913,"['Abstain', 'Abstain', 'False']",False
5295,"['True', 'True', 'True']",True
1938,"['False', 'False', 'False']",False
5885,"['True', 'True', 'True']",True
5659,"['True', 'True', 'False']",True
6059,"['True', 'Abstain', 'True']",True
5754,"['True', 'Abstain', 'True']",True
2711,"['Abstain', 'Abstain', 'Abstain']",False
5308,"['Abstain', 'Abstain', 'True']",True
5717,"['True', 'True', 'Abstain']",True
1785,"['False', 'False', 'False']",False
2602,"['False', 'False', 'Abstain']",False
1736,"['Abstain', 'Abstain', 'False']",False
2126,"['False', 'True', 'False']",False
6280,"['Abstain', 'True', 'Abstain']",True
1313,"['False', 'False', 'False']",False
2249,"['Abstain', 'Abstain', 'Abstain']",False
2023,"['Abstain', 'Abstain', 'Abstain']",False
1211,"['Abstain', 'Abstain', 'False']",False
5969,"['True', 'Abstain', 'Abstain']",True
1694,"['Abstain', 'False', 'False']",False
8136,"['True', 'Abstain', 'True']",True
5335,"['True', 'False', 'False']",True
5506,"['True', 'Abstain', 'True']",True
5954,"['False', 'True', 'True']",True
6244,"['Abstain', 'True', 'Abstain']",True
6007,"['True', 'Abstain', 'Abstain']",True
1721,"['Abstain', 'False', 'Abstain']",False
5702,"['Abstain', 'Abstain', 'Abstain']",True
6346,"['True', 'True', 'True']",True
5465,"['True', 'True', 'Abstain']",True
6300,"['Abstain', 'Abstain', 'Abstain']",True
2191,"['Abstain', 'Abstain', 'Abstain']",False
6475,"['Abstain', 'False', 'True']",True
2320,"['Abstain', 'True', 'False']",False
5468,"['True', 'True', 'True']",True
6159,"['Abstain', 'Abstain', 'Abstain']",True
1288,"['False', 'True', 'False']",False
5640,"['True', 'True', 'True']",True
6367,"['Abstain', 'Abstain', 'Abstain']",True
5913,"['Abstain', 'True', 'Abstain']",True
1279,"['Abstain', 'False', 'Abstain']",False
2331,"['Abstain', 'Abstain', 'Abstain']",False
1735,"['False', 'False', 'Abstain']",False
2031,"['Abstain', 'False', 'False']",False
6341,"['True', 'True', 'Abstain']",True
6138,"['Abstain', 'Abstain', 'Abstain']",True
8958,"['False', 'False', 'True']",False
1866,"['Abstain', 'False', 'Abstain']",False
1422,"['Abstain', 'False', 'Abstain']",False
1323,"['False', 'Abstain', 'Abstain']",False
1368,"['Abstain', 'True', 'False']",False
1659,"['Abstain', 'False', 'Abstain']",False
5785,"['True', 'Abstain', 'True']",True
1210,"['False', 'Abstain', 'False']",False
5557,"['True', 'Abstain', 'True']",True
6384,"['True', 'True', 'Abstain']",True
1825,"['False', 'True/False', 'False']",False
1394,"['Abstain', 'Abstain', 'False']",False
1891,"['Abstain', 'False', 'Abstain']",False
6073,"['True', 'True', 'True']",True
2178,"['Abstain', 'False', 'Abstain']",False
8103,"['False', 'False', 'True']",False
2694,"['Abstain', 'False', 'Abstain']",False
2040,"['Abstain', 'False', 'Abstain']",False
5569,"['True', 'True', 'True']",True
6417,"['Abstain', 'Abstain', 'Abstain']",True
1455,"['Abstain', 'False', 'Abstain']",False
2700,"['Abstain', 'Abstain', 'Abstain']",False
7863,"['False', 'False', 'False']",False
5192,"['True', 'True', 'Abstain']",True
1460,"['False', 'False', 'False']",False
1229,"['False', 'False', 'False']",False
5765,"['Abstain', 'Abstain', 'False']",True
2844,"['Abstain', 'True', 'Abstain']",True
3671,"['False', 'False', 'False']",False
3916,"['Abstain', 'Abstain', 'False']",False
3674,"['False', 'Abstain', 'False']",False
3776,"['Abstain', 'Abstain', 'Abstain']",False
3396,"['Abstain', 'Abstain', 'Abstain']",True
2845,"['True', 'True', 'True']",True
3896,"['Abstain', 'False', 'False']",False
3868,"['False', 'False', 'Abstain']",False
8813,"['Abstain', 'False', 'False']",False
3195,"['True', 'True', 'Abstain']",True
3770,"['False', 'True/False', 'Abstain']",False
2957,"['True', 'True', 'True']",True
8010,"['Abstain', 'Abstain', 'False']",True
2821,"['Abstain', 'Abstain', 'Abstain']",True
3992,"['Abstain', 'Abstain', 'Abstain']",False
3227,"['Abstain', 'True', 'True']",True
3292,"['Abstain', 'Abstain', 'Abstain']",True
3548,"['Abstain', 'Abstain', 'Abstain']",True
4057,"['Abstain', 'False', 'Abstain']",False
3920,"['False', 'Abstain', 'Abstain']",False
4025,"['Abstain', 'Abstain', 'Abstain']",False
8737,"['Abstain', 'Abstain', 'Abstain']",True
3733,"['False', 'False', 'False']",False
3950,"['False', 'Abstain', 'Abstain']",False
8728,"['Abstain', 'Abstain', 'Abstain']",True
3498,"['True', 'Abstain', 'Abstain']",True
3032,"['Abstain', 'True', 'True']",True
8906,"['Abstain', 'Abstain', 'Abstain']",False
3748,"['Abstain', 'Abstain', 'False']",False
3804,"['Abstain', 'Abstain', 'True']",False
3522,"['False', 'False', 'Abstain']",True
3943,"['False', 'Abstain', 'Abstain']",False
4099,"['Abstain', 'Abstain', 'False']",False
3511,"['Abstain', 'True', 'True']",True
3342,"['True', 'Abstain', 'True']",True
3730,"['Abstain', 'Abstain', 'Abstain']",False
3198,"['True', 'False', 'True']",True
8783,"['Abstain', 'Abstain', 'Abstain']",False
3425,"['True', 'True', 'Abstain']",True
3403,"['Abstain', 'Abstain', 'Abstain']",True
3484,"['True', 'Abstain', 'True']",True
3761,"['False', 'Abstain', 'False']",False
8695,"['Abstain', 'True', 'Abstain']",True
7896,"['Abstain', 'Abstain', 'Abstain']",True
3444,"['Abstain', 'Abstain', 'Abstain']",True
3167,"['True', 'True', 'True']",True
6504,"['Abstain', 'False', 'Abstain']",False
3009,"['Abstain', 'Abstain', 'Abstain']",True
3086,"['Abstain', 'True', 'Abstain']",True
3793,"['Abstain', 'False', 'Abstain']",False
3673,"['Abstain', 'False', 'Abstain']",False
8007,"['False', 'Abstain', 'Abstain']",True
3303,"['Abstain', 'Abstain', 'Abstain']",True
3627,"['Abstain', 'Abstain', 'Abstain']",False
3701,"['Abstain', 'Abstain', 'Abstain']",False
4040,"['Abstain', 'Abstain', 'Abstain']",False
4107,"['Abstain', 'Abstain', 'True']",False
7279,"['True', 'Abstain', 'Abstain']",True
2900,"['Abstain', 'True', 'Abstain']",True
8995,"['True', 'True', 'True']",True
3974,"['Abstain', 'Abstain', 'Abstain']",False
3979,"['Abstain', 'Abstain', 'Abstain']",False
3825,"['Abstain', 'Abstain', 'Abstain']",False
3938,"['Abstain', 'Abstain', 'Abstain']",False
8718,"['False', 'Abstain', 'Abstain']",True
3252,"['True', 'Abstain', 'True']",True
3618,"['False', 'False', 'False']",False
3788,"['Abstain', 'Abstain', 'Abstain']",False
3031,"['Abstain', 'Abstain', 'Abstain']",True
8720,"['Abstain', 'Abstain', 'Abstain']",True
4130,"['Abstain', 'Abstain', 'Abstain']",False
3506,"['Abstain', 'Abstain', 'Abstain']",True
8880,"['True', 'Abstain', 'Abstain']",False
4106,"['False', 'False', 'False']",False
8760,"['False', 'False', 'False']",False
3057,"['Abstain', 'Abstain', 'Abstain']",True
3164,"['False', 'False', 'Abstain']",True
8637,"['True', 'Abstain', 'True']",True
8852,"['Abstain', 'False', 'Abstain']",False
3341,"['Abstain', 'True', 'True']",True
3450,"['Abstain', 'Abstain', 'Abstain']",True
3145,"['True', 'True', 'True']",True
8660,"['Abstain', 'Abstain', 'Abstain']",True
7306,"['False', 'Abstain', 'False']",False
3908,"['Abstain', 'False', 'Abstain']",False
3559,"['Abstain', 'Abstain', 'True']",True
7984,"['True', 'True', 'False']",True
3737,"['Abstain', 'False', 'False']",False
3782,"['Abstain', 'Abstain', 'False']",False
3546,"['Abstain', 'Abstain', 'True/False']",True
2811,"['False', 'False', 'Abstain']",True
8755,"['False', 'Abstain', 'Abstain']",True
4199,"['Abstain', 'Abstain', 'True/False']",False
3008,"['Abstain', 'Abstain', 'Abstain']",True
3018,"['Abstain', 'True', 'Abstain']",True
2917,"['True', 'Abstain', 'True']",True
2804,"['True', 'False', 'Abstain']",True
8888,"['Abstain', 'Abstain', 'Abstain']",False
8639,"['Abstain', 'True', 'True']",True
3570,"['Abstain', 'Abstain', 'Abstain']",False
3219,"['Abstain', 'True', 'True']",True
7282,"['Abstain', 'Abstain', 'Abstain']",True
3053,"['Abstain', 'Abstain', 'Abstain']",True
8597,"['Abstain', 'Abstain', 'Abstain']",True
7968,"['False', 'True', 'False']",True
8697,"['Abstain', 'Abstain', 'Abstain']",True
8878,"['Abstain', 'Abstain', 'False']",False
8751,"['Abstain', 'Abstain', 'Abstain']",True
3350,"['Abstain', 'True', 'Abstain']",True
3187,"['Abstain', 'Abstain', 'Abstain']",True
3569,"['Abstain', 'Abstain', 'Abstain']",False
3295,"['Abstain', 'Abstain', 'Abstain']",True
2906,"['Abstain', 'True', 'True']",True
7932,"['True', 'Abstain', 'Abstain']",True
7925,"['False', 'Abstain', 'False']",True
8703,"['True', 'Abstain', 'Abstain']",True
3740,"['Abstain', 'Abstain', 'False']",False
3352,"['Abstain', 'Abstain', 'Abstain']",True
2981,"['Abstain', 'Abstain', 'Abstain']",True
3762,"['Abstain', 'Abstain', 'Abstain']",False
8731,"['Abstain', 'Abstain', 'Abstain']",True
2822,"['Abstain', 'Abstain', 'Abstain']",True
3391,"['Abstain', 'Abstain', 'Abstain']",True
3402,"['Abstain', 'Abstain', 'Abstain']",True
2960,"['Abstain', 'Abstain', 'Abstain']",True
8863,"['Abstain', 'Abstain', 'Abstain']",False
8647,"['Abstain', 'True', 'True']",True
3976,"['Abstain', 'Abstain', 'Abstain']",False
7918,"['Abstain', 'False', 'False']",True
2930,"['Abstain', 'True/False', 'Abstain']",True
3811,"['Abstain', 'Abstain', 'False']",False
3413,"['True/False', 'True', 'True']",True
6513,"['False', 'Abstain', 'Abstain']",False
8726,"['True', 'True', 'True']",True
2878,"['True', 'True', 'True']",True
8834,"['False', 'Abstain', 'Abstain']",False
8704,"['Abstain', 'True', 'Abstain']",True
3672,"['False', 'False', 'Abstain']",False
2890,"['True', 'True', 'Abstain']",True
7941,"['Abstain', 'Abstain', 'Abstain']",True
7895,"['Abstain', 'Abstain', 'False']",False
3778,"['Abstain', 'Abstain', 'False']",False
2909,"['Abstain', 'Abstain', 'Abstain']",True
3882,"['Abstain', 'False', 'False']",False
3958,"['Abstain', 'Abstain', 'Abstain']",False
3781,"['Abstain', 'True', 'Abstain']",False
3635,"['Abstain', 'Abstain', 'Abstain']",False
8675,"['True', 'True', 'Abstain']",True
3419,"['Abstain', 'Abstain', 'Abstain']",True
6487,"['Abstain', 'False', 'False']",False
3970,"['Abstain', 'Abstain', 'Abstain']",False
3619,"['Abstain', 'Abstain', 'Abstain']",False
3322,"['Abstain', 'Abstain', 'False']",True
7386,"['Abstain', 'Abstain', 'Abstain']",False
8891,"['Abstain', 'Abstain', 'Abstain']",False
7891,"['Abstain', 'False', 'False']",True
3828,"['Abstain', 'False', 'Abstain']",False
3677,"['Abstain', 'False', 'Abstain']",False
4179,"['False', 'False', 'Abstain']",False
3255,"['Abstain', 'Abstain', 'Abstain']",True
4173,"['False', 'False', 'False']",False
3542,"['False', 'Abstain', 'Abstain']",True
7948,"['False', 'False', 'False']",True
7371,"['Abstain', 'Abstain', 'Abstain']",True
4113,"['Abstain', 'Abstain', 'False']",False
8904,"['Abstain', 'False', 'False']",False
6509,"['False', 'Abstain', 'Abstain']",False
3926,"['Abstain', 'Abstain', 'False']",False
8707,"['Abstain', 'Abstain', 'Abstain']",True
3658,"['False', 'False', 'Abstain']",False
4054,"['Abstain', 'Abstain', 'Abstain']",False
3348,"['True', 'True', 'True']",True
2832,"['Abstain', 'True', 'Abstain']",True
4062,"['Abstain', 'Abstain', 'False']",False
8899,"['Abstain', 'Abstain', 'Abstain']",False
3238,"['Abstain', 'Abstain', 'Abstain']",True
4086,"['Abstain', 'Abstain', 'Abstain']",False
2889,"['Abstain', 'True', 'Abstain']",True
8825,"['Abstain', 'Abstain', 'Abstain']",False
3109,"['True', 'Abstain', 'Abstain']",True
7299,"['Abstain', 'Abstain', 'True']",True
8742,"['Abstain', 'Abstain', 'True']",True
8976,"['False', 'True', 'False']",True
8807,"['Abstain', 'Abstain', 'Abstain']",False
8019,"['Abstain', 'Abstain', 'Abstain']",True
8747,"['Abstain', 'Abstain', 'Abstain']",True
3492,"['Abstain', 'True', 'True']",True
4174,"['Abstain', 'Abstain', 'False']",False
7308,"['Abstain', 'False', 'Abstain']",False
8748,"['Abstain', 'Abstain', 'True']",True
3173,"['Abstain', 'Abstain', 'Abstain']",True
2921,"['Abstain', 'Abstain', 'Abstain']",True
3312,"['Abstain', 'Abstain', 'Abstain']",True
7966,"['True', 'Abstain', 'Abstain']",True
3300,"['Abstain', 'Abstain', 'Abstain']",True
3118,"['Abstain', 'Abstain', 'Abstain']",True
8743,"['Abstain', 'True', 'True']",True
3087,"['True', 'True', 'True']",True
2819,"['Abstain', 'Abstain', 'Abstain']",True
3972,"['Abstain', 'Abstain', 'False']",False
8875,"['False', 'Abstain', 'Abstain']",False
2855,"['True', 'Abstain', 'True']",True
8626,"['True', 'True', 'False']",True
3171,"['Abstain', 'Abstain', 'Abstain']",True
8922,"['Abstain', 'Abstain', 'Abstain']",False
2894,"['Abstain', 'Abstain', 'Abstain']",True
8025,"['True', 'Abstain', 'True']",True
3147,"['Abstain', 'False', 'Abstain']",True
7885,"['Abstain', 'False', 'Abstain']",False
8775,"['Abstain', 'Abstain', 'Abstain']",False
3128,"['True', 'True', 'True']",True
4143,"['False', 'False', 'True/False']",False
3897,"['Abstain', 'Abstain', 'Abstain']",False
3129,"['True', 'True', 'Abstain']",True
3289,"['Abstain', 'Abstain', 'Abstain']",True
2829,"['Abstain', 'True', 'True']",True
3266,"['Abstain', 'Abstain', 'Abstain']",True
3169,"['Abstain', 'Abstain', 'Abstain']",True
3536,"['Abstain', 'Abstain', 'True']",True
3864,"['Abstain', 'False', 'Abstain']",False
4092,"['Abstain', 'True', 'Abstain']",False
3137,"['Abstain', 'Abstain', 'Abstain']",True
8920,"['False', 'Abstain', 'Abstain']",False
3226,"['Abstain', 'Abstain', 'Abstain']",True
3764,"['Abstain', 'False', 'Abstain']",False
8044,"['True', 'Abstain', 'True']",True
8686,"['True', 'Abstain', 'Abstain']",True
3878,"['Abstain', 'Abstain', 'Abstain']",False
3795,"['False', 'Abstain', 'False']",False
7917,"['False', 'False', 'Abstain']",True
8869,"['Abstain', 'Abstain', 'Abstain']",False
3732,"['False', 'Abstain', 'Abstain']",False
7989,"['Abstain', 'Abstain', 'Inconclusive']",True
8006,"['False', 'False', 'Abstain']",True
2932,"['Abstain', 'Abstain', 'Abstain']",True
3880,"['False', 'False', 'False']",False
4043,"['Abstain', 'Abstain', 'Abstain']",False
3557,"['Abstain', 'False', 'Abstain']",True
8853,"['Abstain', 'True', 'True']",False
3954,"['Abstain', 'Abstain', 'Abstain']",False
4153,"['True', 'Abstain', 'Abstain']",False
8594,"['True', 'Abstain', 'True']",True
3355,"['Abstain', 'Abstain', 'Abstain']",True
2954,"['True', 'Abstain', 'True']",True
3688,"['Abstain', 'False', 'Abstain']",False
3043,"['True', 'Abstain', 'True']",True
8021,"['False', 'False', 'False']",True
2884,"['Abstain', 'True', 'Abstain']",True
2891,"['Abstain', 'Abstain', 'True']",True
4954,"['True', 'True', 'True']",True
661,"['Abstain', 'Abstain', 'Abstain']",False
4411,"['True', 'True', 'True']",True
8301,"['True', 'True', 'True']",True
415,"['Abstain', 'True', 'True']",False
614,"['Abstain', 'False', 'False']",False
6574,"['False', 'False', 'Abstain']",False
589,"['Abstain', 'Abstain', 'Abstain']",False
387,"['True', 'True', 'Abstain']",False
8407,"['True', 'False', 'True']",True
8441,"['Abstain', 'Abstain', 'Abstain']",False
6598,"['Abstain', 'Abstain', 'Abstain']",False
8374,"['Abstain', 'Abstain', 'True']",True
542,"['False', 'False', 'False']",False
606,"['Abstain', 'Abstain', 'Abstain']",False
681,"['False', 'True', 'Abstain']",False
4620,"['True', 'True', 'True']",True
715,"['False', 'Abstain', 'Abstain']",False
391,"['True', 'True', 'True']",False
5035,"['True', 'False', 'True']",True
4956,"['True', 'True', 'True']",True
4803,"['True', 'True', 'True']",True
4499,"['True', 'True', 'True']",True
856,"['False', 'False', 'Abstain']",False
4602,"['True', 'True', 'True']",True
8406,"['Abstain', 'Abstain', 'Abstain']",True
437,"['True', 'True', 'True']",False
1014,"['Abstain', 'Abstain', 'Abstain']",False
4385,"['True', 'True', 'True']",True
935,"['Abstain', 'Abstain', 'Abstain']",False
380,"['False', 'False', 'False']",False
1122,"['False', 'False', 'Abstain']",False
8153,"['False', 'False', 'False']",False
4435,"['True', 'True', 'True']",True
8323,"['True', 'Abstain', 'False']",True
8202,"['False', 'False', 'False']",False
8492,"['True', 'False', 'False']",True
5091,"['True', 'True', 'True']",True
400,"['False', 'True', 'False']",False
691,"['False', 'False', 'False']",False
5044,"['Abstain', 'Abstain', 'Abstain']",True
8291,"['Abstain', 'Abstain', 'Abstain']",True
8472,"['False', 'True', 'False']",False
7331,"['True', 'True', 'float(""1.83309e+08"") == float(""183309000.0"")']",False
525,"['False', 'Abstain', 'Abstain']",False
4227,"['Abstain', 'Abstain', 'Abstain']",True
4758,"['Abstain', 'True', 'Abstain']",True
452,"['False', 'Abstain', 'Abstain']",False
473,"['Abstain', 'False', 'Abstain']",False
735,"['False', 'False', 'False']",False
4750,"['Abstain', 'True', 'True']",True
4482,"['True', 'True', 'True']",True
4641,"['True', 'Abstain', 'Abstain']",True
1079,"['False', 'False', 'Abstain']",False
4559,"['True', 'Abstain', 'True']",True
4633,"['True', 'True', 'True']",True
8520,"['False', 'True', 'True']",True
9036,"['True', 'Abstain', 'True']",True
982,"['Abstain', 'False', 'Abstain']",False
5008,"['True', 'True', 'True']",True
8163,"['True', 'Abstain', 'Abstain']",True
4726,"['True', 'True', 'Abstain']",True
4820,"['Abstain', 'True', 'True']",True
717,"['False', 'False', 'False']",False
696,"['Abstain', 'False', 'False']",False
4548,"['True', 'True', 'Abstain']",True
8580,"['Abstain', 'False', 'False']",False
648,"['False', 'False', 'False']",False
6566,"['Abstain', 'Abstain', 'Abstain']",False
596,"['False', 'False', 'False']",False
8382,"['False', 'False', 'False']",False
4700,"['True', 'True', 'Abstain']",True
8389,"['Abstain', 'Abstain', 'Abstain']",False
5155,"['True', 'True', 'True']",True
793,"['Abstain', 'False', 'Abstain']",False
4402,"['Abstain', 'True', 'Abstain']",True
870,"['False', 'Abstain', 'False']",False
4470,"['True', 'True', 'Abstain']",True
883,"['True', 'Abstain', 'True']",False
4899,"['True', 'True', 'True']",True
980,"['False', 'False', 'False']",False
8199,"['False', 'True', 'False']",True
5034,"['Abstain', 'Abstain', 'Abstain']",True
4472,"['True', 'True', 'True']",True
406,"['False', 'False', 'Abstain']",False
4223,"['Abstain', 'Abstain', 'Abstain']",True
467,"['False', 'True', 'True']",False
653,"['False', 'False', 'False']",False
1061,"['Abstain', 'Abstain', 'Abstain']",False
8346,"['False', 'False', 'False']",False
4544,"['True', 'True', 'False']",True
4350,"['True', 'True', 'True']",True
4498,"['True', 'True', 'True']",True
8443,"['True', 'False', 'False']",False
4225,"['Abstain', 'Abstain', 'Abstain']",True
556,"['False', 'Abstain', 'False']",False
8459,"['True', 'True', 'True']",True
4937,"['Abstain', 'True', 'Abstain']",True
8411,"['Abstain', 'True', 'False']",True
4526,"['True', 'True', 'True']",True
8368,"['Abstain', 'Abstain', 'True']",True
5030,"['True', 'True', 'True']",True
4437,"['Abstain', 'Abstain', 'Abstain']",True
7134,"['Abstain', 'Abstain', 'Abstain']",True
1119,"['Abstain', 'Abstain', 'False']",False
8214,"['False', 'False', 'False']",True
4716,"['True', 'Abstain', 'True']",True
1046,"['Abstain', 'Abstain', 'False']",False
510,"['False', 'False', 'False']",False
498,"['False', 'False', 'False']",False
826,"['False', 'False', 'False']",False
7222,"['False', 'False', 'False']",True
421,"['False', 'False', 'False']",False
6555,"['Abstain', 'Abstain', 'Abstain']",False
816,"['Abstain', 'False', 'False']",False
8377,"['Abstain', 'False', 'Abstain']",True
8230,"['True', 'True', 'False']",True
7327,"['True', 'True', 'True']",True
453,"['True', 'True', 'True']",False
4812,"['True', 'True', 'True']",True
588,"['False', 'False', 'False']",False
781,"['Abstain', 'False', 'True']",False
8518,"['True', 'True', 'True']",True
738,"['Abstain', 'False', 'Abstain']",False
8355,"['Abstain', 'Abstain', 'Abstain']",True
4584,"['Abstain', 'True', 'True']",True
4628,"['True', 'False', 'False']",True
1069,"['False', 'Abstain', 'False']",False
4723,"['True', 'True', 'Abstain']",True
1024,"['Abstain', 'False', 'False']",False
4586,"['True', 'True', 'True']",True
4727,"['Abstain', 'True', 'True']",True
5083,"['Abstain', 'True', 'Abstain']",True
4619,"['True', 'True', 'True']",True
4972,"['Abstain', 'Abstain', 'Abstain']",True
8442,"['Abstain', 'False', 'False']",True
4915,"['True', 'True', 'True']",True
8314,"['False', 'False', 'Abstain']",False
6594,"['Abstain', 'False', 'False']",False
4746,"['True', 'True', 'True']",True
4204,"['True', 'True', 'True']",True
813,"['Abstain', 'False', 'Abstain']",False
465,"['Abstain', 'True', 'False']",False
4872,"['True', 'True', 'True']",True
665,"['Abstain', 'Abstain', 'Abstain']",False
7390,"['Abstain', 'False', 'False']",True
7071,"['Abstain', 'Abstain', 'True']",True
4239,"['True', 'True', 'Abstain']",True
4552,"['True', 'True', 'Abstain']",True
7121,"['Abstain', 'Abstain', 'Abstain']",True
8169,"['Abstain', 'True', 'Abstain']",True
4538,"['True', 'True', 'Abstain']",True
4310,"['Abstain', 'Abstain', 'Abstain']",True
642,"['Abstain', 'Abstain', 'Abstain']",False
4276,"['True', 'True', 'Abstain']",True
607,"['Abstain', 'False', 'False']",False
976,"['False', 'False', 'Abstain']",False
572,"['False', 'Abstain', 'Abstain']",False
1127,"['Abstain', 'False', 'False']",False
1009,"['Abstain', 'Abstain', 'Abstain']",False
624,"['False', 'False', 'False']",False
8438,"['True', 'Abstain', 'True']",True
8200,"['Abstain', 'Abstain', 'False']",False
8249,"['True', 'True', 'True']",True
8320,"['False', 'Abstain', 'Abstain']",True
4986,"['Abstain', 'Abstain', 'Abstain']",True
8273,"['False', 'False', 'True']",False
8242,"['False', 'Abstain', 'Abstain']",False
458,"['False', 'True', 'Abstain']",False
4656,"['True', 'Abstain', 'Abstain']",True
1064,"['True', 'False', 'Abstain']",False
4795,"['Abstain', 'Abstain', 'True']",True
603,"['False', 'False', 'False']",False
584,"['False', 'False', 'False']",False
5131,"['True', 'Abstain', 'True']",True
1106,"['False', 'False', 'False']",False
5094,"['True', 'Abstain', 'True']",True
4306,"['Abstain', 'Abstain', 'Abstain']",True
7223,"['False', 'False', 'False']",False
995,"['Abstain', 'False', 'Abstain']",False
6556,"['Abstain', 'False', 'Abstain']",False
1047,"['Abstain', 'Abstain', 'Abstain']",False
5093,"['True', 'Abstain', 'Abstain']",True
4776,"['True', 'True', 'Abstain']",True
4268,"['True', 'True', 'True']",True
4887,"['True', 'True', 'True']",True
8510,"['True', 'True', 'Abstain']",True
4534,"['True', 'True', 'True']",True
4583,"['True', 'True', 'True']",True
4840,"['Abstain', 'True', 'Abstain']",True
4349,"['True', 'True', 'True']",True
905,"['Abstain', 'Abstain', 'Abstain']",False
4765,"['True', 'True', 'True']",True
628,"['False', 'False', 'False']",False
4696,"['True', 'True', 'True']",True
583,"['False', 'False', 'False']",False
5058,"['True', 'True', 'Abstain']",True
741,"['False', 'Abstain', 'False']",False
4784,"['Abstain', 'Abstain', 'True']",True
8497,"['Abstain', 'Abstain', 'Abstain']",True
4560,"['True', 'Abstain', 'True']",True
7101,"['Abstain', 'True', 'True']",True
4691,"['Abstain', 'True', 'True']",True
8280,"['True', 'True', 'True']",True
1005,"['Abstain', 'False', 'Abstain']",False
593,"['False', 'Abstain', 'False']",False
948,"['False', 'False', 'False']",False
850,"['False', 'False', 'False']",False
747,"['Abstain', 'Abstain', 'False']",False
8511,"['False', 'False', 'Abstain']",False
397,"['False', 'True', 'True']",False
7148,"['True', 'True', 'True']",True
4981,"['True', 'Abstain', 'True']",True
7085,"['Abstain', 'Abstain', 'Abstain']",True
4617,"['True', 'Abstain', 'Abstain']",True
7109,"['True', 'True', 'True']",True
544,"['False', 'False', 'Abstain']",False
8356,"['False', 'False', 'False']",False
7099,"['True', 'True', 'True']",True
504,"['False', 'False', 'False']",False
801,"['Abstain', 'Abstain', 'Abstain']",False
457,"['Abstain', 'Abstain', 'Abstain']",False
4518,"['True', 'Abstain', 'True']",True
4556,"['True', 'True', 'True']",True
4687,"['True', 'True', 'True']",True
4799,"['True', 'True', 'True']",True
567,"['False', 'False', 'False']",False
5108,"['True', 'True', 'True']",True
8315,"['Abstain', 'False', 'False']",True
8234,"['True', 'True', 'True']",True
4907,"['True', 'True', 'True']",True
675,"['Abstain', 'Abstain', 'Abstain']",False
993,"['Abstain', 'Abstain', 'Abstain']",False
8203,"['Abstain', 'False', 'False']",False
503,"['False', 'False', 'False']",False
608,"['False', 'False', 'Abstain']",False
8197,"['Abstain', 'Abstain', 'False']",False
730,"['False', 'False', 'Abstain']",False
8348,"['True', 'True', 'False']",True
8547,"['True', 'Abstain', 'True']",True
8239,"['False', 'True', 'False']",False
5103,"['True', 'True', 'True']",True
8263,"['False', 'False', 'False']",False
4406,"['True', 'True', 'True']",True
4581,"['True', 'True', 'True']",True
923,"['False', 'Abstain', 'False']",False
4883,"['True', 'True', 'True']",True
8347,"['Abstain', 'Abstain', 'Abstain']",True
861,"['False', 'False', 'Abstain']",False
4381,"['True', 'True', 'True']",True
