7765,"['False', 'False', 'False']",False
7528,"['False', 'False', 'False']",False
7493,"['False', 'False', 'False']",False
6679,"['True', 'True', 'True']",True
6980,"['True', 'True', 'False']",True
21,"['True', 'True', 'True']",True
6709,"['True', 'True', 'True']",True
6840,"['True', 'True', 'True']",False
6654,"['True', 'True', 'True']",True
6826,"['True', 'False', 'False']",False
242,"['False', 'False', 'False']",False
7021,"['False', 'False', 'True']",False
116,"['True', 'True', 'True']",True
7455,"['False', 'False', 'False']",False
1,"['True', 'True', 'True']",True
6657,"['False', 'True', 'False']",True
7596,"['False', 'False', 'False']",True
7789,"['False', 'True', 'False']",True
6769,"['False', 'True', 'True']",True
28,"['True', 'True', 'True']",True
6760,"['True', 'True', 'False']",True
6730,"['True', 'True', 'True']",True
59,"['True', 'True', 'True']",True
6984,"['True', 'True', 'True']",True
119,"['True', 'True', 'True']",True
6818,"['Abstain', 'False', 'Abstain']",False
138,"['Abstain', 'Abstain', 'Abstain']",False
161,"['True', 'False', 'False']",False
7750,"['False', 'False', 'False']",False
7433,"['False', 'False', 'False']",False
7544,"['False', 'False', 'False']",False
7500,"['False', 'False', 'False']",False
7674,"['True', 'False', 'True']",True
7163,"['True', 'True', 'True']",False
268,"['False', 'False', 'False']",False
6874,"['Abstain', 'Abstain', 'Abstain']",False
80,"['True', 'True', 'True']",True
7517,"['False', 'False', 'False']",False
6791,"['False', 'Abstain', 'False']",False
7403,"['False', 'False', 'False']",False
267,"['False', 'False', 'False']",False
7505,"['False', 'False', 'False']",False
6908,"['False', 'False', 'False']",False
6664,"['True', 'False', 'True']",True
6828,"['True', 'True', 'True']",False
6659,"['True', 'True', 'True']",True
7710,"['False', 'True', 'True']",True
6710,"['True', 'True', 'True']",True
320,"['True', 'True', 'True']",True
7443,"['False', 'False', 'False']",False
7786,"['True', 'True', 'True']",True
299,"['True', 'True', 'True']",True
187,"['False', 'False', 'False']",False
6786,"['True', 'False', 'False']",True
7401,"['False', 'False', 'False']",False
6783,"['Abstain', 'True', 'False']",True
7723,"['True', 'True', 'True']",True
7155,"['False', 'False', 'True']",True
70,"['True', 'True', 'True']",True
7590,"['True', 'True', 'True']",True
266,"['False', 'False', 'False']",False
36,"['True', 'True', 'True']",True
7672,"['True', 'True', 'True']",True
6941,"['Abstain', 'False', 'Abstain']",False
305,"['True', 'True', 'True']",True
7611,"['Abstain', 'True', 'False']",True
39,"['True', 'True', 'True']",True
296,"['True', 'True', 'True']",True
71,"['True', 'True', 'True']",True
7603,"['False', 'True', 'True']",True
6928,"['True', 'Abstain', 'Abstain']",False
282,"['True', 'True', 'True']",True
6711,"['True', 'True', 'True']",True
7170,"['False', 'False', 'False']",False
7161,"['True', 'True', 'True']",True
7047,"['False', 'False', 'Abstain']",False
7664,"['True', 'False', 'True']",True
7574,"['True', 'False', 'True']",True
7711,"['True', 'True', 'True']",True
7175,"['True', 'True', 'True']",False
359,"['False', 'False', 'False']",False
89,"['True', 'True', 'True']",True
241,"['False', 'False', 'False']",False
6997,"['True', 'True', 'True']",True
186,"['True', 'True', 'True']",False
286,"['True', 'True', 'True']",True
263,"['True', 'True', 'True']",False
6,"['True', 'True', 'True']",True
6943,"['False', 'False', 'False']",False
293,"['True', 'True', 'True']",True
6846,"['True', 'False', 'False']",False
218,"['False', 'False', 'False']",False
6937,"['Abstain', 'Abstain', 'Abstain']",False
127,"['True', 'True', 'True']",True
31,"['True', 'True', 'True']",True
6638,"['True', 'True', 'True']",True
121,"['True', 'True', 'True']",True
7001,"['True', 'True', 'True']",True
251,"['Abstain', 'False', 'Abstain']",False
7598,"['False', 'False', 'False']",True
7772,"['Abstain', 'True', 'True']",True
68,"['True', 'True', 'True']",True
311,"['True', 'True', 'True']",True
7617,"['True', 'True', 'False']",True
7684,"['True', 'True', 'True']",True
192,"['False', 'False', 'False']",False
232,"['False', 'False', 'False']",False
6688,"['True', 'True', 'True']",True
6637,"['True', 'True', 'True']",True
7525,"['False', 'False', 'False']",False
113,"['True', 'True', 'True']",True
7457,"['False', 'False', 'False']",False
14,"['True', 'True', 'True']",True
7462,"['False', 'False', 'False']",False
7151,"['True', 'True', 'True']",False
7565,"['Abstain', 'Abstain', 'False']",True
6649,"['False', 'True', 'False']",True
7459,"['False', 'False', 'False']",False
313,"['True', 'True', 'True']",True
7023,"['False', 'False', 'False']",False
7796,"['True', 'True', 'True']",True
6736,"['True', 'True', 'True']",True
53,"['True', 'True', 'True']",True
165,"['True', 'True', 'True']",False
83,"['True', 'True', 'True']",True
7571,"['True', 'False', 'True']",True
7788,"['True', 'True', 'True']",True
368,"['Abstain', 'False', 'False']",False
33,"['True', 'True', 'True']",True
7615,"['False', 'True', 'False']",True
6942,"['False', 'True', 'Abstain']",False
7065,"['Abstain', 'False', 'False']",False
6964,"['True', 'True', 'True']",True
7741,"['False', 'False', 'False']",False
7552,"['False', 'False', 'False']",True
6926,"['False', 'True', 'True']",False
6995,"['True', 'True', 'True']",True
329,"['Abstain', 'Abstain', 'False']",False
6778,"['False', 'True', 'False']",True
7797,"['True', 'True', 'True']",True
7435,"['False', 'False', 'False']",False
7681,"['True', 'True', 'False']",True
122,"['True', 'True', 'True']",True
6884,"['Abstain', 'Abstain', 'Abstain']",False
6872,"['False', 'False', 'Abstain']",False
328,"['False', 'False', 'False']",False
7548,"['True', 'True', 'False']",True
226,"['False', 'False', 'False']",False
6701,"['True', 'True', 'True']",True
246,"['False', 'False', 'False']",False
175,"['False', 'False', 'False']",False
330,"['False', 'False', 'False']",False
7489,"['False', 'False', 'False']",False
7782,"['True', 'True', 'True']",True
7449,"['False', 'False', 'False']",False
6713,"['True', 'True', 'True']",True
7025,"['Abstain', 'False', 'Abstain']",False
229,"['False', 'False', 'Abstain']",False
7764,"['True', 'False', 'True']",False
7061,"['False', 'False', 'Abstain']",False
6687,"['False', 'True', 'True']",True
6925,"['False', 'False', 'False']",False
7717,"['True', 'True', 'True']",True
7043,"['False', 'False', 'False']",False
7698,"['False', 'True', 'True']",True
288,"['True', 'True', 'True']",True
214,"['False', 'Abstain', 'False']",False
326,"['False', 'False', 'False']",False
198,"['False', 'False', 'False']",False
6797,"['Abstain', 'False', 'False']",False
6723,"['True', 'True', 'True']",True
7745,"['False', 'False', 'False']",False
7720,"['False', 'False', 'True']",True
7452,"['False', 'False', 'False']",False
169,"['False', 'False', 'False']",False
7162,"['True', 'False', 'True']",True
7056,"['False', 'False', 'True']",False
7779,"['Abstain', 'True', 'True']",True
6772,"['False', 'Abstain', 'False']",True
7431,"['False', 'False', 'False']",False
7450,"['False', 'False', 'False']",False
107,"['True', 'True', 'True']",True
7780,"['True', 'True', 'True']",True
6814,"['False', 'True', 'False']",False
7661,"['False', 'True', 'True']",True
57,"['True', 'True', 'True']",True
6822,"['False', 'True', 'True']",False
7512,"['False', 'False', 'False']",False
7487,"['False', 'False', 'False']",False
7499,"['False', 'False', 'False']",False
6976,"['True', 'True', 'True']",True
18,"['True', 'True', 'True']",True
6878,"['Abstain', 'Abstain', 'Abstain']",False
7410,"['False', 'False', 'False']",False
6909,"['False', 'False', 'False']",False
7803,"['Abstain', 'True', 'False']",True
297,"['True', 'True', 'True']",True
290,"['True', 'True', 'True']",True
7668,"['True', 'True', 'True']",True
6777,"['True', 'True', 'False']",True
6831,"['Abstain', 'False', 'False']",False
231,"['False', 'False', 'False']",False
182,"['True', 'False', 'False']",False
180,"['True', 'True', 'True']",False
7495,"['False', 'False', 'False']",False
6725,"['True', 'True', 'True']",True
294,"['True', 'True', 'True']",True
258,"['True', 'True', 'Abstain']",False
6900,"['False', 'False', 'False']",False
6743,"['False', 'True', 'True']",True
6859,"['False', 'False', 'False']",False
8948,"['True', 'False', 'True']",True
222,"['False', 'False', 'False']",False
115,"['True', 'True', 'True']",True
7463,"['False', 'False', 'False']",False
366,"['False', 'False', 'False']",False
54,"['True', 'True', 'True']",True
7445,"['False', 'False', 'False']",False
6758,"['True', 'True', 'True']",True
6699,"['True', 'True', 'True']",True
350,"['Abstain', 'False', 'False']",False
6987,"['True', 'True', 'True']",True
6927,"['False', 'False', 'Abstain']",False
6931,"['Abstain', 'Abstain', 'Abstain']",False
7460,"['False', 'False', 'False']",False
6766,"['True', 'True', 'True']",True
6981,"['True', 'True', 'True']",True
7053,"['True', 'Abstain', 'False']",False
7751,"['False', 'False', 'True']",False
105,"['True', 'True', 'True']",True
154,"['True', 'True', 'False']",False
6907,"['False', 'False', 'False']",False
6703,"['True', 'True', 'True']",True
88,"['True', 'True', 'True']",True
7564,"['True', 'True', 'True']",True
6737,"['True', 'True', 'True']",True
6630,"['True', 'True', 'True']",True
7726,"['True', 'False', 'False']",False
147,"['False', 'False', 'False']",False
275,"['False', 'False', 'False']",False
6681,"['True', 'True', 'True']",True
6849,"['Abstain', 'False', 'False']",False
7556,"['False', 'True', 'True']",True
256,"['True', 'True', 'True']",False
7434,"['False', 'False', 'False']",False
188,"['Abstain', 'True', 'False']",False
7507,"['False', 'False', 'False']",False
7534,"['False', 'False', 'False']",False
6767,"['True', 'True', 'True']",True
6986,"['True', 'True', 'True']",True
5332,"['True', 'True', 'True']",True
7835,"['True', 'True', 'True']",False
2437,"['False', 'False', 'False']",False
5353,"['True', 'True', 'True']",True
8083,"['True', 'True', 'False']",False
2389,"['True', 'False', 'True']",False
2479,"['False', 'True', 'False']",False
1857,"['True', 'False', 'True']",False
1431,"['False', 'False', 'False']",False
1238,"['False', 'False', 'False']",False
5326,"['True', 'True', 'True']",True
6431,"['True', 'True', 'True']",True
1947,"['False', 'False', 'False']",False
6094,"['False', 'False', 'False']",True
1339,"['False', 'False', 'False']",False
2518,"['False', 'False', 'False']",False
2130,"['True', 'True', 'Abstain']",False
5763,"['True', 'True', 'True']",True
5516,"['True', 'True', 'True']",True
1317,"['False', 'True', 'True']",False
2397,"['False', 'False', 'False']",False
7255,"['False', 'False', 'False']",False
5203,"['True', 'True', 'True']",True
1745,"['False', 'False', 'False']",False
1194,"['False', 'False', 'False']",False
1208,"['False', 'False', 'False']",False
6272,"['True', 'True', 'True']",True
1304,"['False', 'False', 'False']",False
5561,"['True', 'True', 'True']",True
1272,"['False', 'False', 'False']",False
2236,"['False', 'False', 'False']",False
1658,"['False', 'False', 'True']",False
1482,"['False', 'False', 'False']",False
5372,"['True', 'True', 'True']",True
1967,"['False', 'False', 'False']",False
5603,"['True', 'True', 'True']",True
5402,"['True', 'True', 'True']",True
5444,"['True', 'True', 'False']",True
2406,"['False', 'False', 'False']",False
8097,"['True', 'True', 'True']",False
2510,"['False', 'False', 'False']",False
5864,"['True', 'True', 'True']",True
2166,"['False', 'False', 'False']",False
5904,"['True', 'True', 'True']",True
1958,"['False', 'False', 'False']",False
1859,"['Abstain', 'False', 'False']",False
5966,"['True', 'True', 'True']",True
6178,"['False', 'True', 'True']",True
2693,"['False', 'False', 'False']",False
1203,"['False', 'False', 'False']",False
2385,"['False', 'Abstain', 'Abstain']",False
7339,"['True', 'True', 'True']",False
2751,"['Abstain', 'False', 'False']",False
8111,"['True', 'True', 'True']",False
5581,"['True', 'True', 'True']",True
5572,"['True', 'True', 'True']",True
8135,"['False', 'False', 'False']",False
1397,"['False', 'False', 'False']",False
9017,"['False', 'False', 'True']",False
2556,"['False', 'False', 'False']",False
1899,"['False', 'False', 'False']",False
1370,"['False', 'False', 'False']",False
1963,"['False', 'False', 'True']",False
1281,"['False', 'False', 'False']",False
7353,"['True', 'False', 'True']",True
5744,"['False', 'True', 'True']",True
2411,"['True', 'Abstain', 'True']",False
1671,"['False', 'False', 'False']",False
6151,"['True', 'True', 'Abstain']",True
5877,"['True', 'True', 'True']",True
7335,"['True', 'True', 'True']",True
1561,"['False', 'True', 'False']",False
2589,"['False', 'False', 'False']",False
7839,"['False', 'False', 'False']",False
1527,"['False', 'False', 'False']",False
1310,"['False', 'False', 'False']",False
5179,"['False', 'True', 'True']",True
2682,"['True', 'True', 'True']",False
1853,"['False', 'False', 'True']",False
2434,"['True', 'False', 'Abstain']",False
1320,"['False', 'False', 'False']",False
2624,"['False', 'False', 'False']",False
5169,"['True', 'True', 'True']",True
1877,"['False', 'False', 'False']",False
2196,"['True', 'True', 'False']",False
2070,"['False', 'False', 'False']",False
2233,"['False', 'False', 'False']",False
2205,"['True', 'True', 'False']",False
2685,"['False', 'True', 'False']",False
6117,"['True', 'True', 'True']",True
2028,"['False', 'False', 'False']",False
2506,"['False', 'False', 'False']",False
1493,"['False', 'False', 'False']",False
6064,"['True', 'True', 'True']",True
6356,"['True', 'True', 'True']",True
5908,"['True', 'True', 'True']",True
6043,"['True', 'True', 'True']",True
5721,"['True', 'True', 'True']",True
1160,"['False', 'False', 'False']",False
7265,"['False', 'False', 'False']",False
2091,"['False', 'False', 'True']",False
5334,"['True', 'False', 'True']",True
7365,"['True', 'True', 'True']",True
2078,"['False', 'False', 'True']",False
2001,"['False', 'False', 'False']",False
1295,"['False', 'False', 'False']",False
2662,"['Abstain', 'False', 'True']",False
2071,"['False', 'True', 'False']",False
1395,"['False', 'False', 'False']",False
2139,"['True', 'Abstain', 'False']",False
7236,"['False', 'False', 'False']",False
2352,"['True', 'False', 'True']",False
1181,"['False', 'False', 'False']",False
1550,"['False', 'False', 'False']",False
6474,"['True', 'True', 'True']",True
6133,"['True', 'True', 'True']",True
2681,"['True', 'False', 'False']",False
5745,"['True', 'True', 'True']",True
1419,"['False', 'False', 'False']",False
1199,"['False', 'False', 'False']",False
6312,"['True', 'False', 'False']",True
6389,"['True', 'True', 'True']",True
1782,"['False', 'False', 'False']",False
1247,"['False', 'False', 'False']",False
1887,"['False', 'False', 'False']",False
1601,"['True', 'True', 'True']",False
2781,"['False', 'False', 'False']",False
1133,"['False', 'False', 'False']",False
1436,"['True', 'Abstain', 'False']",False
1223,"['False', 'False', 'False']",False
6177,"['True', 'True', 'True']",True
1634,"['False', 'False', 'False']",False
5592,"['True', 'True', 'True']",True
1453,"['False', 'False', 'False']",False
2735,"['False', 'False', 'True']",False
5723,"['True', 'True', 'True']",True
5571,"['True', 'True', 'True']",True
2542,"['False', 'False', 'False']",False
1411,"['False', 'False', 'False']",False
1412,"['False', 'False', 'False']",False
8086,"['False', 'True', 'True']",False
2789,"['False', 'False', 'False']",False
2330,"['False', 'True', 'False']",False
2636,"['False', 'True', 'True']",False
1517,"['False', 'False', 'False']",False
1428,"['Abstain', 'False', 'True']",False
6041,"['True', 'True', 'True']",True
1524,"['False', 'False', 'False']",False
7348,"['True', 'True', 'True']",True
2377,"['False', 'False', 'False']",False
2062,"['False', 'False', 'False']",False
2561,"['False', 'False', 'False']",False
1157,"['False', 'False', 'False']",False
5460,"['False', 'True', 'True']",True
8087,"['True', 'False', 'False']",False
5288,"['True', 'True', 'True']",True
1548,"['False', 'True', 'True']",False
1885,"['False', 'False', 'False']",False
6377,"['True', 'True', 'True']",True
1445,"['False', 'False', 'False']",False
2697,"['False', 'False', 'False']",False
1452,"['False', 'False', 'False']",False
6297,"['True', 'True', 'True']",True
5790,"['True', 'True', 'Abstain']",True
1277,"['False', 'False', 'False']",False
2449,"['False', 'False', 'False']",False
1571,"['False', 'False', 'False']",False
6154,"['True', 'True', 'True']",True
2802,"['False', 'False', 'False']",False
2569,"['False', 'False', 'True']",False
5283,"['True', 'True', 'True']",True
5870,"['True', 'True', 'True']",True
7824,"['False', 'False', 'False']",False
1849,"['False', 'False', 'False']",False
6433,"['True', 'False', 'True']",True
1628,"['False', 'False', 'False']",False
1913,"['False', 'False', 'Abstain']",False
5295,"['True', 'True', 'True']",True
1938,"['False', 'Abstain', 'False']",False
5885,"['True', 'True', 'True']",True
5659,"['True', 'True', 'True']",True
6059,"['True', 'False', 'True']",True
5754,"['True', 'True', 'True']",True
2711,"['False', 'False', 'False']",False
5308,"['True', 'True', 'True']",True
5717,"['True', 'True', 'True']",True
1785,"['False', 'False', 'False']",False
2602,"['False', 'False', 'False']",False
1736,"['False', 'False', 'False']",False
2126,"['False', 'True', 'False']",False
6280,"['False', 'True', 'True']",True
1313,"['False', 'False', 'False']",False
2249,"['False', 'True', 'False']",False
2023,"['Abstain', 'Abstain', 'True']",False
1211,"['False', 'False', 'False']",False
5969,"['True', 'True', 'True']",True
1694,"['False', 'False', 'False']",False
8136,"['True', 'True', 'True']",True
5335,"['False', 'False', 'False']",True
5506,"['True', 'True', 'True']",True
5954,"['False', 'True', 'False']",True
6244,"['True', 'False', 'False']",True
6007,"['True', 'True', 'True']",True
1721,"['False', 'False', 'False']",False
5702,"['True', 'True', 'True']",True
6346,"['True', 'True', 'True']",True
5465,"['True', 'True', 'True']",True
6300,"['True', 'True', 'True']",True
2191,"['False', 'False', 'False']",False
6475,"['Abstain', 'True', 'True']",True
2320,"['True', 'False', 'False']",False
5468,"['True', 'True', 'True']",True
6159,"['True', 'True', 'True']",True
1288,"['False', 'False', 'False']",False
5640,"['True', 'True', 'True']",True
6367,"['False', 'True', 'True']",True
5913,"['True', 'True', 'Abstain']",True
1279,"['False', 'False', 'False']",False
2331,"['False', 'False', 'False']",False
1735,"['False', 'False', 'False']",False
2031,"['False', 'False', 'False']",False
6341,"['True', 'True', 'True']",True
6138,"['True', 'True', 'True']",True
8958,"['False', 'False', 'False']",False
1866,"['False', 'False', 'False']",False
1422,"['False', 'False', 'False']",False
1323,"['False', 'False', 'False']",False
1368,"['False', 'False', 'False']",False
1659,"['False', 'False', 'False']",False
5785,"['True', 'True', 'True']",True
1210,"['False', 'False', 'False']",False
5557,"['True', 'True', 'True']",True
6384,"['True', 'True', 'True']",True
1825,"['False', 'False', 'False']",False
1394,"['False', 'False', 'False']",False
1891,"['False', 'False', 'Abstain']",False
6073,"['True', 'True', 'True']",True
2178,"['False', 'False', 'False']",False
8103,"['False', 'False', 'False']",False
2694,"['False', 'False', 'False']",False
2040,"['True', 'True', 'Abstain']",False
5569,"['Abstain', 'True', 'True']",True
6417,"['True', 'True', 'True']",True
1455,"['False', 'False', 'False']",False
2700,"['True', 'True', 'True']",False
7863,"['False', 'False', 'False']",False
5192,"['True', 'True', 'True']",True
1460,"['False', 'False', 'False']",False
1229,"['False', 'False', 'False']",False
5765,"['True', 'True', 'True']",True
2844,"['True', 'True', 'True']",True
3671,"['False', 'False', 'False']",False
3916,"['True', 'False', 'True']",False
3674,"['True', 'False', 'False']",False
3776,"['False', 'Abstain', 'Abstain']",False
3396,"['True', 'Abstain', 'True']",True
2845,"['True', 'True', 'True']",True
3896,"['False', 'False', 'False']",False
3868,"['False', 'True', 'False']",False
8813,"['False', 'False', 'False']",False
3195,"['True', 'True', 'True']",True
3770,"['False', 'False', 'False']",False
2957,"['True', 'False', 'True']",True
8010,"['False', 'True', 'True']",True
2821,"['True', 'True', 'True']",True
3992,"['Abstain', 'Abstain', 'Abstain']",False
3227,"['True', 'False', 'False']",True
3292,"['Abstain', 'False', 'Abstain']",True
3548,"['True', 'True', 'True']",True
4057,"['False', 'False', 'True']",False
3920,"['False', 'True', 'False']",False
4025,"['False', 'True', 'False']",False
8737,"['True', 'False', 'True']",True
3733,"['False', 'False', 'False']",False
3950,"['True', 'True', 'True']",False
8728,"['True', 'Abstain', 'True']",True
3498,"['Abstain', 'Abstain', 'True']",True
3032,"['True', 'False', 'True']",True
8906,"['False', 'Abstain', 'False']",False
3748,"['False', 'False', 'False']",False
3804,"['False', 'False', 'False']",False
3522,"['False', 'True', 'True']",True
3943,"['False', 'True', 'True']",False
4099,"['False', 'False', 'Abstain']",False
3511,"['True', 'True', 'True']",True
3342,"['True', 'True', 'True']",True
3730,"['True', 'False', 'False']",False
3198,"['True', 'True', 'False']",True
8783,"['False', 'False', 'False']",False
3425,"['False', 'Abstain', 'True']",True
3403,"['Abstain', 'Abstain', 'Abstain']",True
3484,"['True', 'True', 'True']",True
3761,"['True', 'True', 'True']",False
8695,"['True', 'True', 'True']",True
7896,"['True', 'True', 'True']",True
3444,"['Abstain', 'True', 'True']",True
3167,"['True', 'True', 'True']",True
6504,"['Abstain', 'Abstain', 'False']",False
3009,"['True', 'True', 'False']",True
3086,"['True', 'True', 'Abstain']",True
3793,"['False', 'False', 'False']",False
3673,"['False', 'False', 'False']",False
8007,"['True', 'True', 'False']",True
3303,"['True', 'False', 'True']",True
3627,"['False', 'False', 'False']",False
3701,"['False', 'False', 'False']",False
4040,"['Abstain', 'False', 'False']",False
4107,"['False', 'False', 'True']",False
7279,"['True', 'True', 'True']",True
2900,"['True', 'True', 'False']",True
8995,"['True', 'True', 'True']",True
3974,"['False', 'False', 'False']",False
3979,"['False', 'False', 'False']",False
3825,"['False', 'True', 'Abstain']",False
3938,"['False', 'False', 'Abstain']",False
8718,"['True', 'True', 'False']",True
3252,"['True', 'True', 'True']",True
3618,"['False', 'False', 'False']",False
3788,"['False', 'False', 'False']",False
3031,"['True', 'True', 'True']",True
8720,"['True', 'True', 'True']",True
4130,"['False', 'Abstain', 'Abstain']",False
3506,"['True', 'False', 'True']",True
8880,"['False', 'True', 'False']",False
4106,"['False', 'False', 'False']",False
8760,"['False', 'False', 'False']",False
3057,"['True', 'True', 'True']",True
3164,"['False', 'False', 'False']",True
8637,"['True', 'True', 'True']",True
8852,"['False', 'False', 'False']",False
3341,"['True', 'True', 'True']",True
3450,"['Abstain', 'Abstain', 'Abstain']",True
3145,"['True', 'True', 'True']",True
8660,"['True', 'True', 'True']",True
7306,"['False', 'False', 'False']",False
3908,"['Abstain', 'False', 'True']",False
3559,"['True', 'True', 'True']",True
7984,"['True', 'True', 'True']",True
3737,"['Abstain', 'False', 'Abstain']",False
3782,"['False', 'False', 'False']",False
3546,"['True', 'False', 'True']",True
2811,"['True', 'True', 'False']",True
8755,"['False', 'False', 'False']",True
4199,"['False', 'False', 'False']",False
3008,"['Abstain', 'True', 'False']",True
3018,"['True', 'True', 'True']",True
2917,"['True', 'True', 'True']",True
2804,"['True', 'True', 'True']",True
8888,"['False', 'False', 'False']",False
8639,"['True', 'True', 'True']",True
3570,"['False', 'False', 'False']",False
3219,"['True', 'Abstain', 'True']",True
7282,"['True', 'True', 'True']",True
3053,"['False', 'False', 'True']",True
8597,"['True', 'False', 'True']",True
7968,"['False', 'False', 'False']",True
8697,"['True', 'False', 'False']",True
8878,"['False', 'False', 'True']",False
8751,"['Abstain', 'False', 'Abstain']",True
3350,"['True', 'True', 'Abstain']",True
3187,"['True', 'True', 'True']",True
3569,"['False', 'True', 'False']",False
3295,"['True', 'Abstain', 'False']",True
2906,"['True', 'True', 'True']",True
7932,"['False', 'False', 'False']",True
7925,"['False', 'False', 'False']",True
8703,"['True', 'True', 'True']",True
3740,"['False', 'False', 'False']",False
3352,"['False', 'True', 'False']",True
2981,"['True', 'False', 'True']",True
3762,"['False', 'False', 'False']",False
8731,"['True', 'Abstain', 'False']",True
2822,"['True', 'True', 'True']",True
3391,"['True', 'True', 'True']",True
3402,"['True', 'False', 'Abstain']",True
2960,"['False', 'True', 'True']",True
8863,"['False', 'False', 'False']",False
8647,"['True', 'True', 'True']",True
3976,"['False', 'False', 'False']",False
7918,"['False', 'False', 'False']",True
2930,"['Abstain', 'Abstain', 'False']",True
3811,"['False', 'False', 'False']",False
3413,"['True', 'False', 'True']",True
6513,"['False', 'False', 'False']",False
8726,"['True', 'True', 'True']",True
2878,"['True', 'True', 'True']",True
8834,"['False', 'False', 'False']",False
8704,"['True', 'True', 'True']",True
3672,"['False', 'False', 'False']",False
2890,"['True', 'True', 'True']",True
7941,"['False', 'False', 'False']",True
7895,"['False', 'False', 'False']",False
3778,"['False', 'False', 'False']",False
2909,"['False', 'True', 'False']",True
3882,"['False', 'False', 'False']",False
3958,"['Abstain', 'Abstain', 'Abstain']",False
3781,"['False', 'False', 'False']",False
3635,"['False', 'False', 'False']",False
8675,"['True', 'True', 'True']",True
3419,"['True', 'False', 'True']",True
6487,"['False', 'False', 'False']",False
3970,"['False', 'False', 'False']",False
3619,"['True', 'Abstain', 'False']",False
3322,"['Abstain', 'Abstain', 'Abstain']",True
7386,"['False', 'False', 'False']",False
8891,"['False', 'False', 'False']",False
7891,"['False', 'False', 'False']",True
3828,"['False', 'False', 'False']",False
3677,"['False', 'False', 'False']",False
4179,"['False', 'False', 'False']",False
3255,"['True', 'True', 'Abstain']",True
4173,"['Abstain', 'False', 'False']",False
3542,"['True', 'False', 'False']",True
7948,"['False', 'False', 'False']",True
7371,"['Abstain', 'False', 'Abstain']",True
4113,"['False', 'False', 'False']",False
8904,"['False', 'False', 'False']",False
6509,"['False', 'False', 'False']",False
3926,"['False', 'False', 'False']",False
8707,"['False', 'False', 'False']",True
3658,"['False', 'False', 'False']",False
4054,"['False', 'False', 'False']",False
3348,"['Abstain', 'Abstain', 'True']",True
2832,"['False', 'Abstain', 'False']",True
4062,"['False', 'False', 'Abstain']",False
8899,"['True', 'False', 'True']",False
3238,"['Abstain', 'Abstain', 'True']",True
4086,"['False', 'False', 'False']",False
2889,"['True', 'True', 'True']",True
8825,"['False', 'False', 'False']",False
3109,"['True', 'True', 'True']",True
7299,"['False', 'True', 'True']",True
8742,"['True', 'True', 'True']",True
8976,"['False', 'False', 'False']",True
8807,"['False', 'False', 'False']",False
8019,"['True', 'True', 'True']",True
8747,"['True', 'True', 'True']",True
3492,"['True', 'False', 'True']",True
4174,"['Abstain', 'False', 'False']",False
7308,"['False', 'False', 'False']",False
8748,"['True', 'True', 'False']",True
3173,"['False', 'False', 'False']",True
2921,"['Abstain', 'Abstain', 'Abstain']",True
3312,"['True', 'True', 'True']",True
7966,"['False', 'True', 'True']",True
3300,"['Abstain', 'False', 'False']",True
3118,"['False', 'False', 'False']",True
8743,"['True', 'True', 'True']",True
3087,"['True', 'True', 'True']",True
2819,"['True', 'True', 'True']",True
3972,"['False', 'False', 'False']",False
8875,"['False', 'False', 'Abstain']",False
2855,"['True', 'True', 'True']",True
8626,"['False', 'True', 'False']",True
3171,"['True', 'True', 'True']",True
8922,"['True', 'False', 'False']",False
2894,"['False', 'False', 'Abstain']",True
8025,"['True', 'Abstain', 'False']",True
3147,"['True', 'True', 'False']",True
7885,"['False', 'False', 'False']",False
8775,"['Abstain', 'Abstain', 'False']",False
3128,"['True', 'True', 'True']",True
4143,"['False', 'False', 'False']",False
3897,"['False', 'False', 'False']",False
3129,"['True', 'True', 'True']",True
3289,"['Abstain', 'Abstain', 'True']",True
2829,"['True', 'True', 'True']",True
3266,"['False', 'True', 'True']",True
3169,"['True', 'True', 'True']",True
3536,"['True', 'True', 'True']",True
3864,"['False', 'False', 'False']",False
4092,"['False', 'False', 'False']",False
3137,"['True', 'True', 'False']",True
8920,"['False', 'False', 'False']",False
3226,"['True', 'True', 'False']",True
3764,"['False', 'Abstain', 'False']",False
8044,"['True', 'True', 'True']",True
8686,"['True', 'True', 'True']",True
3878,"['False', 'False', 'Abstain']",False
3795,"['True', 'True', 'True']",False
7917,"['False', 'False', 'False']",True
8869,"['False', 'Abstain', 'Abstain']",False
3732,"['False', 'False', 'False']",False
7989,"['Abstain', 'True', 'False']",True
8006,"['True', 'True', 'True']",True
2932,"['Abstain', 'Abstain', 'Abstain']",True
3880,"['False', 'False', 'False']",False
4043,"['Abstain', 'False', 'False']",False
3557,"['True', 'True', 'True']",True
8853,"['True', 'True', 'True']",False
3954,"['Abstain', 'Abstain', 'Abstain']",False
4153,"['True', 'True', 'False']",False
8594,"['True', 'False', 'True']",True
3355,"['True', 'True', 'False']",True
2954,"['True', 'True', 'True']",True
3688,"['False', 'False', 'False']",False
3043,"['True', 'True', 'False']",True
8021,"['True', 'False', 'True']",True
2884,"['True', 'True', 'False']",True
2891,"['True', 'True', 'True']",True
4954,"['True', 'True', 'True']",True
661,"['False', 'False', 'False']",False
4411,"['True', 'True', 'True']",True
8301,"['True', 'True', 'True']",True
415,"['True', 'True', 'False']",False
614,"['False', 'False', 'False']",False
6574,"['False', 'False', 'False']",False
589,"['False', 'False', 'False']",False
387,"['True', 'True', 'True']",False
8407,"['True', 'True', 'True']",True
8441,"['False', 'False', 'False']",False
6598,"['False', 'False', 'False']",False
8374,"['True', 'True', 'True']",True
542,"['False', 'False', 'False']",False
606,"['False', 'False', 'False']",False
681,"['False', 'False', 'False']",False
4620,"['True', 'True', 'True']",True
715,"['False', 'False', 'False']",False
391,"['True', 'True', 'False']",False
5035,"['True', 'False', 'True']",True
4956,"['True', 'True', 'True']",True
4803,"['True', 'True', 'True']",True
4499,"['True', 'True', 'True']",True
856,"['False', 'False', 'False']",False
4602,"['True', 'False', 'True']",True
8406,"['True', 'True', 'True']",True
437,"['True', 'True', 'True']",False
1014,"['False', 'False', 'False']",False
4385,"['True', 'True', 'True']",True
935,"['False', 'False', 'False']",False
380,"['False', 'True', 'False']",False
1122,"['False', 'False', 'False']",False
8153,"['False', 'False', 'False']",False
4435,"['True', 'True', 'True']",True
8323,"['True', 'True', 'True']",True
8202,"['False', 'False', 'False']",False
8492,"['True', 'True', 'True']",True
5091,"['True', 'True', 'True']",True
400,"['False', 'False', 'False']",False
691,"['False', 'False', 'False']",False
5044,"['True', 'False', 'True']",True
8291,"['True', 'True', 'False']",True
8472,"['False', 'False', 'False']",False
7331,"['True', 'True', 'True']",False
525,"['False', 'False', 'False']",False
4227,"['True', 'True', 'True']",True
4758,"['True', 'True', 'True']",True
452,"['False', 'True', 'False']",False
473,"['False', 'False', 'False']",False
735,"['False', 'False', 'False']",False
4750,"['True', 'True', 'True']",True
4482,"['True', 'True', 'True']",True
4641,"['Abstain', 'False', 'True']",True
1079,"['False', 'False', 'False']",False
4559,"['True', 'True', 'True']",True
4633,"['False', 'True', 'True']",True
8520,"['True', 'True', 'True']",True
9036,"['True', 'True', 'True']",True
982,"['False', 'False', 'False']",False
5008,"['True', 'True', 'True']",True
8163,"['True', 'True', 'True']",True
4726,"['True', 'True', 'True']",True
4820,"['True', 'True', 'True']",True
717,"['False', 'False', 'False']",False
696,"['False', 'False', 'False']",False
4548,"['True', 'True', 'True']",True
8580,"['False', 'False', 'False']",False
648,"['False', 'False', 'False']",False
6566,"['False', 'False', 'False']",False
596,"['False', 'False', 'False']",False
8382,"['False', 'False', 'False']",False
4700,"['True', 'True', 'True']",True
8389,"['False', 'False', 'False']",False
5155,"['True', 'True', 'True']",True
793,"['False', 'False', 'False']",False
4402,"['True', 'True', 'True']",True
870,"['False', 'False', 'False']",False
4470,"['True', 'True', 'True']",True
883,"['True', 'False', 'False']",False
4899,"['True', 'True', 'True']",True
980,"['False', 'Abstain', 'False']",False
8199,"['True', 'False', 'True']",True
5034,"['True', 'True', 'True']",True
4472,"['True', 'True', 'True']",True
406,"['False', 'False', 'False']",False
4223,"['True', 'True', 'True']",True
467,"['True', 'True', 'True']",False
653,"['False', 'False', 'False']",False
1061,"['False', 'False', 'False']",False
8346,"['False', 'False', 'False']",False
4544,"['True', 'True', 'True']",True
4350,"['True', 'True', 'True']",True
4498,"['True', 'True', 'True']",True
8443,"['False', 'False', 'False']",False
4225,"['True', 'True', 'True']",True
556,"['False', 'False', 'False']",False
8459,"['True', 'True', 'True']",True
4937,"['True', 'True', 'True']",True
8411,"['True', 'True', 'True']",True
4526,"['True', 'True', 'True']",True
8368,"['True', 'True', 'True']",True
5030,"['True', 'True', 'True']",True
4437,"['True', 'True', 'True']",True
7134,"['True', 'True', 'False']",True
1119,"['False', 'False', 'False']",False
8214,"['False', 'False', 'False']",True
4716,"['True', 'True', 'True']",True
1046,"['False', 'False', 'False']",False
510,"['False', 'False', 'False']",False
498,"['False', 'False', 'False']",False
826,"['False', 'False', 'False']",False
7222,"['False', 'False', 'False']",True
421,"['False', 'False', 'False']",False
6555,"['False', 'False', 'False']",False
816,"['False', 'False', 'False']",False
8377,"['Abstain', 'Abstain', 'Abstain']",True
8230,"['True', 'True', 'False']",True
7327,"['True', 'True', 'True']",True
453,"['True', 'True', 'True']",False
4812,"['True', 'True', 'True']",True
588,"['False', 'False', 'False']",False
781,"['False', 'False', 'True']",False
8518,"['True', 'True', 'True']",True
738,"['False', 'False', 'False']",False
8355,"['Abstain', 'False', 'Abstain']",True
4584,"['True', 'True', 'True']",True
4628,"['False', 'False', 'False']",True
1069,"['False', 'False', 'False']",False
4723,"['True', 'True', 'True']",True
1024,"['False', 'False', 'False']",False
4586,"['True', 'True', 'True']",True
4727,"['True', 'True', 'True']",True
5083,"['True', 'True', 'True']",True
4619,"['True', 'True', 'True']",True
4972,"['False', 'False', 'False']",True
8442,"['False', 'False', 'False']",True
4915,"['True', 'True', 'True']",True
8314,"['False', 'False', 'False']",False
6594,"['False', 'False', 'False']",False
4746,"['True', 'True', 'True']",True
4204,"['True', 'True', 'True']",True
813,"['False', 'False', 'False']",False
465,"['False', 'False', 'False']",False
4872,"['True', 'True', 'True']",True
665,"['False', 'False', 'False']",False
7390,"['False', 'False', 'False']",True
7071,"['Abstain', 'True', 'True']",True
4239,"['True', 'True', 'True']",True
4552,"['True', 'True', 'True']",True
7121,"['Abstain', 'False', 'True']",True
8169,"['True', 'True', 'True']",True
4538,"['Abstain', 'True', 'Abstain']",True
4310,"['True', 'True', 'True']",True
642,"['False', 'False', 'False']",False
4276,"['True', 'True', 'True']",True
607,"['False', 'False', 'False']",False
976,"['False', 'False', 'False']",False
572,"['False', 'False', 'False']",False
1127,"['False', 'False', 'False']",False
1009,"['Abstain', 'Abstain', 'Abstain']",False
624,"['False', 'False', 'False']",False
8438,"['True', 'True', 'True']",True
8200,"['False', 'False', 'False']",False
8249,"['True', 'True', 'True']",True
8320,"['Abstain', 'True', 'Abstain']",True
4986,"['True', 'True', 'True']",True
8273,"['False', 'False', 'False']",False
8242,"['False', 'False', 'False']",False
458,"['True', 'True', 'False']",False
4656,"['True', 'True', 'True']",True
1064,"['Abstain', 'Abstain', 'False']",False
4795,"['True', 'True', 'True']",True
603,"['False', 'False', 'False']",False
584,"['False', 'False', 'False']",False
5131,"['True', 'True', 'True']",True
1106,"['False', 'False', 'False']",False
5094,"['True', 'True', 'True']",True
4306,"['True', 'True', 'True']",True
7223,"['False', 'False', 'False']",False
995,"['False', 'False', 'False']",False
6556,"['False', 'False', 'False']",False
1047,"['False', 'False', 'False']",False
5093,"['True', 'True', 'True']",True
4776,"['True', 'True', 'True']",True
4268,"['True', 'True', 'True']",True
4887,"['True', 'True', 'True']",True
8510,"['True', 'True', 'True']",True
4534,"['False', 'True', 'True']",True
4583,"['True', 'True', 'True']",True
4840,"['False', 'False', 'True']",True
4349,"['True', 'True', 'True']",True
905,"['False', 'False', 'Abstain']",False
4765,"['True', 'True', 'True']",True
628,"['Abstain', 'False', 'False']",False
4696,"['True', 'True', 'True']",True
583,"['False', 'False', 'False']",False
5058,"['True', 'True', 'True']",True
741,"['False', 'False', 'False']",False
4784,"['True', 'True', 'True']",True
8497,"['True', 'True', 'True']",True
4560,"['True', 'True', 'True']",True
7101,"['True', 'True', 'True']",True
4691,"['True', 'True', 'True']",True
8280,"['True', 'True', 'True']",True
1005,"['False', 'False', 'False']",False
593,"['False', 'False', 'False']",False
948,"['False', 'False', 'False']",False
850,"['False', 'False', 'False']",False
747,"['False', 'False', 'False']",False
8511,"['False', 'False', 'True']",False
397,"['True', 'True', 'True']",False
7148,"['True', 'True', 'True']",True
4981,"['True', 'True', 'True']",True
7085,"['False', 'False', 'False']",True
4617,"['True', 'True', 'True']",True
7109,"['False', 'True', 'True']",True
544,"['False', 'False', 'False']",False
8356,"['False', 'False', 'False']",False
7099,"['True', 'True', 'True']",True
504,"['False', 'False', 'False']",False
801,"['False', 'False', 'False']",False
457,"['False', 'False', 'False']",False
4518,"['True', 'True', 'True']",True
4556,"['True', 'True', 'True']",True
4687,"['True', 'True', 'True']",True
4799,"['True', 'True', 'True']",True
567,"['False', 'False', 'False']",False
5108,"['True', 'True', 'True']",True
8315,"['False', 'False', 'False']",True
8234,"['True', 'True', 'True']",True
4907,"['True', 'True', 'True']",True
675,"['Abstain', 'Abstain', 'Abstain']",False
993,"['Abstain', 'False', 'False']",False
8203,"['False', 'False', 'False']",False
503,"['False', 'False', 'False']",False
608,"['False', 'Abstain', 'False']",False
8197,"['False', 'False', 'False']",False
730,"['False', 'False', 'False']",False
8348,"['True', 'True', 'True']",True
8547,"['True', 'Abstain', 'False']",True
8239,"['False', 'False', 'False']",False
5103,"['True', 'False', 'True']",True
8263,"['False', 'False', 'False']",False
4406,"['True', 'True', 'True']",True
4581,"['True', 'True', 'True']",True
923,"['False', 'False', 'False']",False
4883,"['True', 'True', 'True']",True
8347,"['True', 'True', 'True']",True
861,"['False', 'False', 'False']",False
4381,"['True', 'True', 'True']",True
