7765,['Abstain'],False
7528,['False'],False
7493,['False'],False
6679,['True'],True
6980,['Abstain'],True
21,['True'],True
6709,['False'],True
6840,['Abstain'],False
6654,['True'],True
6826,['Abstain'],False
242,['Abstain'],False
7021,['False'],False
116,['True'],True
7455,['Abstain'],False
1,['True'],True
6657,['False'],True
7596,['Abstain'],True
7789,['Abstain'],True
6769,['True'],True
28,['Abstain'],True
6760,['True'],True
6730,['True'],True
59,['True'],True
6984,['True'],True
119,['True'],True
6818,['Abstain'],False
138,['Abstain'],False
161,['Abstain'],False
7750,['False'],False
7433,['False'],False
7544,['False'],False
7500,['False'],False
7674,['False'],True
7163,['True'],False
268,['True'],False
6874,['Abstain'],False
80,['True'],True
7517,['False'],False
6791,['Abstain'],False
7403,['False'],False
267,['False'],False
7505,['False'],False
6908,['Abstain'],False
6664,['Abstain'],True
6828,['Abstain'],False
6659,['True'],True
7710,['True'],True
6710,['True'],True
320,['Abstain'],True
7443,['Abstain'],False
7786,['True'],True
299,['True'],True
187,['Abstain'],False
6786,['Abstain'],True
7401,['False'],False
6783,['Abstain'],True
7723,['False'],True
7155,['Abstain'],True
70,['True'],True
7590,['Abstain'],True
266,['Abstain'],False
36,['True'],True
7672,['Abstain'],True
6941,['Abstain'],False
305,['Abstain'],True
7611,['Abstain'],True
39,['Abstain'],True
296,['True'],True
71,['Abstain'],True
7603,['True'],True
6928,['Abstain'],False
282,['Abstain'],True
6711,['Abstain'],True
7170,['Abstain'],False
7161,['True'],True
7047,['False'],False
7664,['False'],True
7574,['Abstain'],True
7711,['Abstain'],True
7175,['True'],False
359,['Abstain'],False
89,['True'],True
241,['Abstain'],False
6997,['Abstain'],True
186,['Abstain'],False
286,['Abstain'],True
263,['True'],False
6,['True'],True
6943,['Abstain'],False
293,['Abstain'],True
6846,['Abstain'],False
218,['Abstain'],False
6937,['Abstain'],False
127,['True'],True
31,['Abstain'],True
6638,['True'],True
121,['True'],True
7001,['Abstain'],True
251,['Abstain'],False
7598,['Abstain'],True
7772,['Abstain'],True
68,['True'],True
311,['True'],True
7617,['Abstain'],True
7684,['Abstain'],True
192,['Abstain'],False
232,['Abstain'],False
6688,['Abstain'],True
6637,['Abstain'],True
7525,['Abstain'],False
113,['True'],True
7457,['Abstain'],False
14,['Abstain'],True
7462,['False'],False
7151,['Abstain'],False
7565,['Abstain'],True
6649,['Abstain'],True
7459,['False'],False
313,['Abstain'],True
7023,['Abstain'],False
7796,['Abstain'],True
6736,['True'],True
53,['True'],True
165,['Abstain'],False
83,['True'],True
7571,['Abstain'],True
7788,['Abstain'],True
368,['Abstain'],False
33,['True'],True
7615,['Abstain'],True
6942,['Abstain'],False
7065,['Abstain'],False
6964,['Abstain'],True
7741,['True'],False
7552,['False'],True
6926,['Abstain'],False
6995,['Abstain'],True
329,['Abstain'],False
6778,['True'],True
7797,['True'],True
7435,['Abstain'],False
7681,['Abstain'],True
122,['True'],True
6884,['Abstain'],False
6872,['Abstain'],False
328,['Abstain'],False
7548,['Abstain'],True
226,['False'],False
6701,['True'],True
246,['Abstain'],False
175,['False'],False
330,['Abstain'],False
7489,['False'],False
7782,['Abstain'],True
7449,['False'],False
6713,['Abstain'],True
7025,['Abstain'],False
229,['False'],False
7764,['False'],False
7061,['Abstain'],False
6687,['Abstain'],True
6925,['Abstain'],False
7717,['Abstain'],True
7043,['Abstain'],False
7698,['Abstain'],True
288,['Abstain'],True
214,['Abstain'],False
326,['Abstain'],False
198,['Abstain'],False
6797,['Abstain'],False
6723,['True'],True
7745,['Abstain'],False
7720,['True'],True
7452,['False'],False
169,['Abstain'],False
7162,['Abstain'],True
7056,['Abstain'],False
7779,['False'],True
6772,['Abstain'],True
7431,['Abstain'],False
7450,['Abstain'],False
107,['True'],True
7780,['Abstain'],True
6814,['Abstain'],False
7661,['False'],True
57,['Abstain'],True
6822,['True'],False
7512,['False'],False
7487,['False'],False
7499,['False'],False
6976,['True'],True
18,['True'],True
6878,['Abstain'],False
7410,['False'],False
6909,['False'],False
7803,['Abstain'],True
297,['True'],True
290,['Abstain'],True
7668,['Abstain'],True
6777,['Abstain'],True
6831,['Abstain'],False
231,['Abstain'],False
182,['Abstain'],False
180,['Abstain'],False
7495,['False'],False
6725,['Abstain'],True
294,['True'],True
258,['True'],False
6900,['Abstain'],False
6743,['True'],True
6859,['Abstain'],False
8948,['False'],True
222,['Abstain'],False
115,['True'],True
7463,['False'],False
366,['Abstain'],False
54,['True'],True
7445,['False'],False
6758,['True'],True
6699,['Abstain'],True
350,['Abstain'],False
6987,['Abstain'],True
6927,['Abstain'],False
6931,['Abstain'],False
7460,['False'],False
6766,['True'],True
6981,['True'],True
7053,['Abstain'],False
7751,['False'],False
105,['True'],True
154,['Abstain'],False
6907,['Abstain'],False
6703,"['""Hugglescote Wesleyans""']",True
88,['True'],True
7564,['Abstain'],True
6737,['Abstain'],True
6630,['True'],True
7726,['Abstain'],False
147,['Abstain'],False
275,['Abstain'],False
6681,['Abstain'],True
6849,['Abstain'],False
7556,['Abstain'],True
256,['True'],False
7434,['False'],False
188,['Abstain'],False
7507,['False'],False
7534,['False'],False
6767,['True'],True
6986,['Abstain'],True
5332,['True'],True
7835,['False'],False5353,['Abstain'],True
8083,['Abstain'],False
2389,['Abstain'],False
2479,['Abstain'],False
1857,['Abstain'],False
1431,['Abstain'],False
1238,['Abstain'],False
5326,['True'],True
6431,['Abstain'],True
1947,['False'],False
6094,['Abstain'],True
1339,['Abstain'],False
2518,['Abstain'],False
2130,['Abstain'],False
5763,['Abstain'],True
5516,['Abstain'],True
1317,['Abstain'],False
2397,['False'],False
7255,['Abstain'],False
5203,['Abstain'],True
1745,['Abstain'],False
1194,['Abstain'],False
1208,['False'],False
6272,['Abstain'],True
1304,['Abstain'],False
5561,['Abstain'],True
1272,['Abstain'],False
2236,['Abstain'],False
1658,['Abstain'],False
1482,['Abstain'],False
5372,['Abstain'],True
1967,['Abstain'],False
5603,['Abstain'],True
5402,['True'],True
5444,['Abstain'],True
2406,['Abstain'],False
8097,['Abstain'],False
2510,['Abstain'],False
5864,['Abstain'],True
2166,['Abstain'],False
5904,['Abstain'],True
1958,['Abstain'],False
1859,['Abstain'],False
5966,['Abstain'],True
6178,['Abstain'],True
2693,['Abstain'],False
1203,['Abstain'],False
2385,['Abstain'],False
7339,['Abstain'],False
2751,['Abstain'],False
8111,['Abstain'],False
5581,['Abstain'],True
5572,['Abstain'],True
8135,['Abstain'],False
1397,['Abstain'],False
9017,['Abstain'],False
2556,['Abstain'],False
1899,['Abstain'],False
1370,['Abstain'],False
1963,['Abstain'],False
1281,['Abstain'],False
7353,['Abstain'],True
5744,['Abstain'],True
2411,['False'],False
1671,['Abstain'],False
6151,['Abstain'],True
5877,['Abstain'],True
7335,['Abstain'],True
1561,['Abstain'],False
2589,['Abstain'],False
7839,['False'],False
1527,['False'],False
1310,['Abstain'],False
5179,['Abstain'],True
2682,['Abstain'],False
1853,['False'],False
2434,['Abstain'],False
1320,['False'],False
2624,['Abstain'],False
5169,['True'],True
1877,['Abstain'],False
2196,['Abstain'],False
2070,['Abstain'],False
2233,['Abstain'],False
2205,['Abstain'],False
2685,['False'],False
6117,['True'],True
2028,['Abstain'],False
2506,['Abstain'],False
1493,['Abstain'],False
6064,['Abstain'],True
6356,['Abstain'],True
5908,['True'],True
6043,['Abstain'],True
5721,['Abstain'],True
1160,['Abstain'],False
7265,['False'],False
2091,['Abstain'],False
5334,['True'],True
7365,['Abstain'],True
2078,['Abstain'],False
2001,['Abstain'],False
1295,['Abstain'],False
2662,['Abstain'],False
2071,['Abstain'],False
1395,['Abstain'],False
2139,['Abstain'],False
7236,['Abstain'],False
2352,['True'],False
1181,['Abstain'],False
1550,['False'],False
6474,['Abstain'],True
6133,['True'],True
2681,['Abstain'],False
5745,['Abstain'],True
1419,['False'],False
1199,['False'],False
6312,['Abstain'],True
6389,['Abstain'],True
1782,['Abstain'],False
1247,['Abstain'],False
1887,['Abstain'],False
1601,['Abstain'],False
2781,['Abstain'],False
1133,['Abstain'],False
1436,['Abstain'],False
1223,['Abstain'],False
6177,['Abstain'],True
1634,['Abstain'],False
5592,['Abstain'],True
1453,['False'],False
2735,['False'],False
5723,['Abstain'],True
5571,['Abstain'],True
2542,['False'],False
1411,['False'],False
1412,['False'],False
8086,['False'],False
2789,['Abstain'],False
2330,['Abstain'],False
2636,['Abstain'],False
1517,['False'],False
1428,['Abstain'],False
6041,['True'],True
1524,['Abstain'],False
7348,['Abstain'],True
2377,['Abstain'],False
2062,['False'],False
2561,['Abstain'],False
1157,['Abstain'],False
5460,['Abstain'],True
8087,['Abstain'],False
5288,['True'],True
1548,['Abstain'],False
1885,['Abstain'],False
6377,['Abstain'],True
1445,['True'],False
2697,['Abstain'],False
1452,['Abstain'],False
6297,['Abstain'],True
5790,['True'],True
1277,['Abstain'],False
2449,['False'],False
1571,['Abstain'],False
6154,['True'],True
2802,['Abstain'],False
2569,['Abstain'],False
5283,['True'],True
5870,['True'],True
7824,['False'],False
1849,['Abstain'],False
6433,['Abstain'],True
1628,['Abstain'],False
1913,['Abstain'],False
5295,['True'],True
1938,['False'],False
5885,['Abstain'],True
5659,['True'],True
6059,['True'],True
5754,['Abstain'],True
2711,['Abstain'],False
5308,['Abstain'],True
5717,['Abstain'],True
1785,['Abstain'],False
2602,['Abstain'],False
1736,['Abstain'],False
2126,['Abstain'],False
6280,['Abstain'],True
1313,['Abstain'],False
2249,['Abstain'],False
2023,['Abstain'],False
1211,['False'],False
5969,['Abstain'],True
1694,['Abstain'],False
8136,['Abstain'],True
5335,['Abstain'],True
5506,['True'],True
5954,['Abstain'],True
6244,['Abstain'],True
6007,['Abstain'],True
1721,['Abstain'],False
5702,['Abstain'],True
6346,['True'],True
5465,['True'],True
6300,['Abstain'],True
2191,['Abstain'],False
6475,['Abstain'],True
2320,['Abstain'],False
5468,['True'],True
6159,['Abstain'],True
1288,['Abstain'],False
5640,['Abstain'],True
6367,['Abstain'],True
5913,['True'],True
1279,['Abstain'],False
2331,['Abstain'],False
1735,['Abstain'],False
2031,['False'],False
6341,['Abstain'],True
6138,['True'],True
8958,['Abstain'],False
1866,['Abstain'],False
1422,['Abstain'],False
1323,['Abstain'],False
1368,['Abstain'],False
1659,['Abstain'],False
5785,['Abstain'],True
1210,['Abstain'],False
5557,['Abstain'],True
6384,['Abstain'],True
1825,['Abstain'],False
1394,['Abstain'],False
1891,['False'],False
6073,['Abstain'],True
2178,['Abstain'],False
8103,['Abstain'],False
2694,['Abstain'],False
2040,['Abstain'],False
5569,['Abstain'],True
6417,['Abstain'],True
1455,['False'],False
2700,['Abstain'],False
7863,['Abstain'],False
5192,['Abstain'],True
1460,['Abstain'],False
1229,['Abstain'],False
5765,['Abstain'],True
2844,['Abstain'],True
3671,['False'],False
3916,['Abstain'],False
3674,['Abstain'],False
3776,['Abstain'],False
3396,['Abstain'],True
2845,['Abstain'],True
3896,['Abstain'],False
3868,['Abstain'],False
8813,['Abstain'],False
3195,['Abstain'],True
3770,['Abstain'],False
2957,['Abstain'],True
8010,['Abstain'],True
2821,['Abstain'],True
3992,['Abstain'],False
3227,['Abstain'],True
3292,['Abstain'],True
3548,['Abstain'],True
4057,['Abstain'],False
3920,['Abstain'],False
4025,['Abstain'],False
8737,['Abstain'],True
3733,['Abstain'],False
3950,['Abstain'],False
8728,['Abstain'],True
3498,['Abstain'],True
3032,['Abstain'],True
8906,['Abstain'],False
3748,['False'],False
3804,['Abstain'],False
3522,['Abstain'],True
3943,['Abstain'],False
4099,['Abstain'],False
3511,['Abstain'],True
3342,['Abstain'],True
3730,['Abstain'],False
3198,['Abstain'],True
8783,['Abstain'],False
3425,['Abstain'],True
3403,['Abstain'],True
3484,['Abstain'],True
3761,['Abstain'],False
8695,['Abstain'],True
7896,['Abstain'],True
3444,['Abstain'],True
3167,['Abstain'],True
6504,['Abstain'],False
3009,['Abstain'],True
3086,['Abstain'],True
3793,['Abstain'],False
3673,['Abstain'],False
8007,['Abstain'],True
3303,['Abstain'],True
3627,['Abstain'],False
3701,['Abstain'],False
4040,['Abstain'],False
4107,['Abstain'],False
7279,['Abstain'],True
2900,['True'],True
8995,['True'],True
3974,['Abstain'],False
3979,['Abstain'],False
3825,['Abstain'],False
3938,['Abstain'],False
8718,['Abstain'],True
3252,['Abstain'],True
3618,['False'],False
3788,['Abstain'],False
3031,['Abstain'],True
8720,['Abstain'],True
4130,['Abstain'],False
3506,['Abstain'],True
8880,['Abstain'],False
4106,['Abstain'],False
8760,['Abstain'],False
3057,['True'],True
3164,['False'],True
8637,['Abstain'],True
8852,['Abstain'],False
3341,['True'],True
3450,['Abstain'],True
3145,['True'],True
8660,['Abstain'],True
7306,['Abstain'],False
3908,['Abstain'],False
3559,['Abstain'],True
7984,['False'],True
3737,['Abstain'],False
3782,['False'],False
3546,['Abstain'],True
2811,['Abstain'],True
8755,['Abstain'],True
4199,['False'],False
3008,['Abstain'],True
3018,['Abstain'],True
2917,['Abstain'],True
2804,['Abstain'],True
8888,['Abstain'],False
8639,['True'],True
3570,['Abstain'],False
3219,['Abstain'],True
7282,['True'],True
3053,['Abstain'],True
8597,['Abstain'],True
7968,['False'],True
8697,['Abstain'],True
8878,['Abstain'],False
8751,['Abstain'],True
3350,['Abstain'],True
3187,['True'],True
3569,['Abstain'],False
3295,['Abstain'],True
2906,['Abstain'],True
7932,['Abstain'],True
7925,['Abstain'],True
8703,['Abstain'],True
3740,['Abstain'],False
3352,['False'],True
2981,['Abstain'],True
3762,['Abstain'],False
8731,['Abstain'],True
2822,['Abstain'],True
3391,['Abstain'],True
3402,['Abstain'],True
2960,['Abstain'],True
8863,['Abstain'],False
8647,['Abstain'],True
3976,['Abstain'],False
7918,['False'],True
2930,['Abstain'],True
3811,['False'],False
3413,['Abstain'],True
6513,['Abstain'],False
8726,['Abstain'],True
2878,['Abstain'],True
8834,['Abstain'],False
8704,['Abstain'],True
3672,['Abstain'],False
2890,['True'],True
7941,['Abstain'],True
7895,['Abstain'],False
3778,['Abstain'],False
2909,['Abstain'],True
3882,['Abstain'],False
3958,['Abstain'],False
3781,['False'],False
3635,['Abstain'],False
8675,['Abstain'],True
3419,['Abstain'],True
6487,['Abstain'],False
3970,['Abstain'],False
3619,['Abstain'],False
3322,['Abstain'],True
7386,['Abstain'],False
8891,['False'],False
7891,['False'],True
3828,['Abstain'],False
3677,['Abstain'],False
4179,['False'],False
3255,['Abstain'],True
4173,['False'],False
3542,['Abstain'],True
7948,['Abstain'],True
7371,['Abstain'],True
4113,['Abstain'],False
8904,['Abstain'],False
6509,['Abstain'],False
3926,['Abstain'],False
8707,['Abstain'],True
3658,['Abstain'],False
4054,['Abstain'],False
3348,['Abstain'],True
2832,['Abstain'],True
4062,['Abstain'],False
8899,['Abstain'],False
3238,['Abstain'],True
4086,['Abstain'],False
2889,['True'],True
8825,['Abstain'],False
3109,['Abstain'],True
7299,['Abstain'],True
8742,['Abstain'],True
8976,['False'],True
8807,['Abstain'],False
8019,['Abstain'],True
8747,['Abstain'],True
3492,['Abstain'],True
4174,['False'],False
7308,['Abstain'],False
8748,['Abstain'],True
3173,['Abstain'],True
2921,['Abstain'],True
3312,['True'],True
7966,['Abstain'],True
3300,['Abstain'],True
3118,['Abstain'],True
8743,['Abstain'],True
3087,['True'],True
2819,['Abstain'],True
3972,['Abstain'],False
8875,['Abstain'],False
2855,['True'],True
8626,['Abstain'],True
3171,['Abstain'],True
8922,['Abstain'],False
2894,['Abstain'],True
8025,['Abstain'],True
3147,['Abstain'],True
7885,['Abstain'],False
8775,['Abstain'],False
3128,['Abstain'],True
4143,['False'],False
3897,['Abstain'],False
3129,['True'],True
3289,['Abstain'],True
2829,['Abstain'],True
3266,['Abstain'],True
3169,['Abstain'],True
3536,['Abstain'],True
3864,['Abstain'],False
4092,['Abstain'],False
3137,['Abstain'],True
8920,['Abstain'],False
3226,['Abstain'],True
3764,['Abstain'],False
8044,['Abstain'],True
8686,['Abstain'],True
3878,['Abstain'],False
3795,['Abstain'],False
7917,['False'],True
8869,['Abstain'],False
3732,['Abstain'],False
7989,['Abstain'],True
8006,['Abstain'],True
2932,['Abstain'],True
3880,['Abstain'],False
4043,['Abstain'],False
3557,['Abstain'],True
8853,['Abstain'],False
3954,['Abstain'],False
4153,['Abstain'],False
8594,['Abstain'],True
3355,['False'],True
2954,['Abstain'],True
3688,['Abstain'],False
3043,['Abstain'],True
8021,['True'],True
2884,['Abstain'],True
2891,['True'],True
4954,['Abstain'],True
661,['Abstain'],False
4411,['Abstain'],True
8301,['True'],True
415,['Abstain'],False
614,['Abstain'],False
6574,['Abstain'],False
589,['Abstain'],False
387,['Abstain'],False
8407,['Abstain'],True
8441,['Abstain'],False
6598,['Abstain'],False
8374,['True'],True
542,['Abstain'],False
606,['Abstain'],False
681,['Abstain'],False
4620,['True'],True
715,['Abstain'],False
391,['True'],False
5035,['Abstain'],True
4956,['Abstain'],True
4803,['Abstain'],True
4499,['True'],True
856,['Abstain'],False
4602,['Abstain'],True
8406,['Abstain'],True
437,['True'],False
1014,['Abstain'],False
4385,['True'],True
935,['False'],False
380,['Abstain'],False
1122,['Abstain'],False
8153,['Abstain'],False
4435,['True'],True
8323,['Abstain'],True
8202,['False'],False
8492,['Abstain'],True
